aw_deep_link,product_name,aw_product_id,merchant_product_id,merchant_image_url,description,merchant_category,search_price,merchant_name,merchant_id,category_name,category_id,aw_image_url,currency,store_price,delivery_cost,merchant_deep_link,language,last_updated,display_price,data_feed_id,brand_name,in_stock,large_image,alternate_image,alternate_image_two,alternate_image_four,alternate_image_three,gender_added,category_added
https://www.awin1.com/pclick.php?p=43024474466&a=2771700&m=116329,Capo Button Jacket - Olive - XL,43024474466,197662AWUK,https://www.dv8fashion.com/Images/Models/Full/29835.jpg,"The Capo BUTTON Jacket is the premium piece to impress, featuring front chest pockets, collar and front zip. The Capo BUTTON Jacket has been crafted for the perfect fit, our obsession with the fitting and quality of materials has resulted in the perfect athletic fit and ultimate comfort      Slim Aesthetic Fitting     Front Chest Pockets     Premium Front Zip Product Code: P-74143-48--",Jackets,54.99,DV8 Fashion,116329,General Clothing,626,https://images2.productserve.com/?w=200&h=200&bg=white&trim=5&t=letterbox&url=ssl%3Awww.dv8fashion.com%2FImages%2FModels%2FFull%2F29835.jpg&feedId=102766&k=78e7e15058ce578e60882ec69561b805d38f402e,GBP,,3.95,https://www.dv8fashion.com/en/Capo-Button-Jacket---Olive/m-29835.aspx?PartnerID=4730&utm_source=affiliate&utm_medium=affiliatewindow&utm_campaign=UnitedKingdom,,,GBP54.99,102766,Capo,1,,https://www.dv8fashion.com/Images/Models/Full/29835-1.jpg,https://www.dv8fashion.com/Images/Models/Full/29835-2.jpg,,https://www.dv8fashion.com/Images/Models/Full/29835-3.jpg,Mens,Coats & Jackets
https://www.awin1.com/pclick.php?p=41466285740&a=2771700&m=116329,Capo Button Jacket - Olive - M,41466285740,197660AWUK,https://www.dv8fashion.com/Images/Models/Full/29835.jpg,"The Capo BUTTON Jacket is the premium piece to impress, featuring front chest pockets, collar and front zip. The Capo BUTTON Jacket has been crafted for the perfect fit, our obsession with the fitting and quality of materials has resulted in the perfect athletic fit and ultimate comfort      Slim Aesthetic Fitting     Front Chest Pockets     Premium Front Zip Product Code: P-74143-48--",Jackets,54.99,DV8 Fashion,116329,General Clothing,626,https://images2.productserve.com/?w=200&h=200&bg=white&trim=5&t=letterbox&url=ssl%3Awww.dv8fashion.com%2FImages%2FModels%2FFull%2F29835.jpg&feedId=102766&k=78e7e15058ce578e60882ec69561b805d38f402e,GBP,,3.95,https://www.dv8fashion.com/en/Capo-Button-Jacket---Olive/m-29835.aspx?PartnerID=4730&utm_source=affiliate&utm_medium=affiliatewindow&utm_campaign=UnitedKingdom,,,GBP54.99,102766,Capo,1,,https://www.dv8fashion.com/Images/Models/Full/29835-1.jpg,https://www.dv8fashion.com/Images/Models/Full/29835-2.jpg,,https://www.dv8fashion.com/Images/Models/Full/29835-3.jpg,Mens,Coats & Jackets
https://www.awin1.com/pclick.php?p=41466285743&a=2771700&m=116329,Capo Button Jacket - Olive - XS,41466285743,197663AWUK,https://www.dv8fashion.com/Images/Models/Full/29835.jpg,"The Capo BUTTON Jacket is the premium piece to impress, featuring front chest pockets, collar and front zip. The Capo BUTTON Jacket has been crafted for the perfect fit, our obsession with the fitting and quality of materials has resulted in the perfect athletic fit and ultimate comfort      Slim Aesthetic Fitting     Front Chest Pockets     Premium Front Zip Product Code: P-74143-48--",Jackets,54.99,DV8 Fashion,116329,General Clothing,626,https://images2.productserve.com/?w=200&h=200&bg=white&trim=5&t=letterbox&url=ssl%3Awww.dv8fashion.com%2FImages%2FModels%2FFull%2F29835.jpg&feedId=102766&k=78e7e15058ce578e60882ec69561b805d38f402e,GBP,,3.95,https://www.dv8fashion.com/en/Capo-Button-Jacket---Olive/m-29835.aspx?PartnerID=4730&utm_source=affiliate&utm_medium=affiliatewindow&utm_campaign=UnitedKingdom,,,GBP54.99,102766,Capo,1,,https://www.dv8fashion.com/Images/Models/Full/29835-1.jpg,https://www.dv8fashion.com/Images/Models/Full/29835-2.jpg,,https://www.dv8fashion.com/Images/Models/Full/29835-3.jpg,Mens,Coats & Jackets
https://www.awin1.com/pclick.php?p=41466285741&a=2771700&m=116329,Capo Button Jacket - Olive - S,41466285741,197661AWUK,https://www.dv8fashion.com/Images/Models/Full/29835.jpg,"The Capo BUTTON Jacket is the premium piece to impress, featuring front chest pockets, collar and front zip. The Capo BUTTON Jacket has been crafted for the perfect fit, our obsession with the fitting and quality of materials has resulted in the perfect athletic fit and ultimate comfort      Slim Aesthetic Fitting     Front Chest Pockets     Premium Front Zip Product Code: P-74143-48--",Jackets,54.99,DV8 Fashion,116329,General Clothing,626,https://images2.productserve.com/?w=200&h=200&bg=white&trim=5&t=letterbox&url=ssl%3Awww.dv8fashion.com%2FImages%2FModels%2FFull%2F29835.jpg&feedId=102766&k=78e7e15058ce578e60882ec69561b805d38f402e,GBP,,3.95,https://www.dv8fashion.com/en/Capo-Button-Jacket---Olive/m-29835.aspx?PartnerID=4730&utm_source=affiliate&utm_medium=affiliatewindow&utm_campaign=UnitedKingdom,,,GBP54.99,102766,Capo,1,,https://www.dv8fashion.com/Images/Models/Full/29835-1.jpg,https://www.dv8fashion.com/Images/Models/Full/29835-2.jpg,,https://www.dv8fashion.com/Images/Models/Full/29835-3.jpg,Mens,Coats & Jackets
https://www.awin1.com/pclick.php?p=43024474465&a=2771700&m=116329,Capo Button Jacket - Olive - L,43024474465,197659AWUK,https://www.dv8fashion.com/Images/Models/Full/29835.jpg,"The Capo BUTTON Jacket is the premium piece to impress, featuring front chest pockets, collar and front zip. The Capo BUTTON Jacket has been crafted for the perfect fit, our obsession with the fitting and quality of materials has resulted in the perfect athletic fit and ultimate comfort      Slim Aesthetic Fitting     Front Chest Pockets     Premium Front Zip Product Code: P-74143-48--",Jackets,54.99,DV8 Fashion,116329,General Clothing,626,https://images2.productserve.com/?w=200&h=200&bg=white&trim=5&t=letterbox&url=ssl%3Awww.dv8fashion.com%2FImages%2FModels%2FFull%2F29835.jpg&feedId=102766&k=78e7e15058ce578e60882ec69561b805d38f402e,GBP,,3.95,https://www.dv8fashion.com/en/Capo-Button-Jacket---Olive/m-29835.aspx?PartnerID=4730&utm_source=affiliate&utm_medium=affiliatewindow&utm_campaign=UnitedKingdom,,,GBP54.99,102766,Capo,1,,https://www.dv8fashion.com/Images/Models/Full/29835-1.jpg,https://www.dv8fashion.com/Images/Models/Full/29835-2.jpg,,https://www.dv8fashion.com/Images/Models/Full/29835-3.jpg,Mens,Coats & Jackets
https://www.awin1.com/pclick.php?p=41466285736&a=2771700&m=116329,Capo Utility Jacket - Steel Grey - S,41466285736,212402AWUK,https://www.dv8fashion.com/Images/Models/Full/31237.jpg,"The Capo UTILITY&nbsp;Jacket&nbsp;is the premium piece to impress,&nbsp;featuring&nbsp;front chest pockets, collar and front zip. The Capo UTILITY Jacket has been crafted&nbsp;for the perfect fit, our obsession with the fitting and quality of materials has resulted in the perfect athletic fit and ultimate comfort.      Slim Aesthetic Fitting.     Front&nbsp;Chest Pockets.     Premium Front Zip. Product Code: P-77363-62--",Jackets,54.99,DV8 Fashion,116329,General Clothing,626,https://images2.productserve.com/?w=200&h=200&bg=white&trim=5&t=letterbox&url=ssl%3Awww.dv8fashion.com%2FImages%2FModels%2FFull%2F31237.jpg&feedId=102766&k=463955b47d5a8c640a69457d3689bf5bbeb6963f,GBP,,3.95,https://www.dv8fashion.com/en/Capo-Utility-Jacket---Steel-Grey/m-31237.aspx?PartnerID=4730&utm_source=affiliate&utm_medium=affiliatewindow&utm_campaign=UnitedKingdom,,,GBP54.99,102766,Capo,1,,https://www.dv8fashion.com/Images/Models/Full/31237-1.jpg,https://www.dv8fashion.com/Images/Models/Full/31237-2.jpg,,https://www.dv8fashion.com/Images/Models/Full/31237-3.jpg,Mens,Coats & Jackets
https://www.awin1.com/pclick.php?p=41466285735&a=2771700&m=116329,Capo Utility Jacket - Steel Grey - M,41466285735,212401AWUK,https://www.dv8fashion.com/Images/Models/Full/31237.jpg,"The Capo UTILITY&nbsp;Jacket&nbsp;is the premium piece to impress,&nbsp;featuring&nbsp;front chest pockets, collar and front zip. The Capo UTILITY Jacket has been crafted&nbsp;for the perfect fit, our obsession with the fitting and quality of materials has resulted in the perfect athletic fit and ultimate comfort.      Slim Aesthetic Fitting.     Front&nbsp;Chest Pockets.     Premium Front Zip. Product Code: P-77363-62--",Jackets,54.99,DV8 Fashion,116329,General Clothing,626,https://images2.productserve.com/?w=200&h=200&bg=white&trim=5&t=letterbox&url=ssl%3Awww.dv8fashion.com%2FImages%2FModels%2FFull%2F31237.jpg&feedId=102766&k=463955b47d5a8c640a69457d3689bf5bbeb6963f,GBP,,3.95,https://www.dv8fashion.com/en/Capo-Utility-Jacket---Steel-Grey/m-31237.aspx?PartnerID=4730&utm_source=affiliate&utm_medium=affiliatewindow&utm_campaign=UnitedKingdom,,,GBP54.99,102766,Capo,1,,https://www.dv8fashion.com/Images/Models/Full/31237-1.jpg,https://www.dv8fashion.com/Images/Models/Full/31237-2.jpg,,https://www.dv8fashion.com/Images/Models/Full/31237-3.jpg,Mens,Coats & Jackets
https://www.awin1.com/pclick.php?p=41466285734&a=2771700&m=116329,Capo Utility Jacket - Steel Grey - L,41466285734,212400AWUK,https://www.dv8fashion.com/Images/Models/Full/31237.jpg,"The Capo UTILITY&nbsp;Jacket&nbsp;is the premium piece to impress,&nbsp;featuring&nbsp;front chest pockets, collar and front zip. The Capo UTILITY Jacket has been crafted&nbsp;for the perfect fit, our obsession with the fitting and quality of materials has resulted in the perfect athletic fit and ultimate comfort.      Slim Aesthetic Fitting.     Front&nbsp;Chest Pockets.     Premium Front Zip. Product Code: P-77363-62--",Jackets,54.99,DV8 Fashion,116329,General Clothing,626,https://images2.productserve.com/?w=200&h=200&bg=white&trim=5&t=letterbox&url=ssl%3Awww.dv8fashion.com%2FImages%2FModels%2FFull%2F31237.jpg&feedId=102766&k=463955b47d5a8c640a69457d3689bf5bbeb6963f,GBP,,3.95,https://www.dv8fashion.com/en/Capo-Utility-Jacket---Steel-Grey/m-31237.aspx?PartnerID=4730&utm_source=affiliate&utm_medium=affiliatewindow&utm_campaign=UnitedKingdom,,,GBP54.99,102766,Capo,1,,https://www.dv8fashion.com/Images/Models/Full/31237-1.jpg,https://www.dv8fashion.com/Images/Models/Full/31237-2.jpg,,https://www.dv8fashion.com/Images/Models/Full/31237-3.jpg,Mens,Coats & Jackets
https://www.awin1.com/pclick.php?p=41466285737&a=2771700&m=116329,Capo Utility Jacket - Steel Grey - XL,41466285737,212403AWUK,https://www.dv8fashion.com/Images/Models/Full/31237.jpg,"The Capo UTILITY&nbsp;Jacket&nbsp;is the premium piece to impress,&nbsp;featuring&nbsp;front chest pockets, collar and front zip. The Capo UTILITY Jacket has been crafted&nbsp;for the perfect fit, our obsession with the fitting and quality of materials has resulted in the perfect athletic fit and ultimate comfort.      Slim Aesthetic Fitting.     Front&nbsp;Chest Pockets.     Premium Front Zip. Product Code: P-77363-62--",Jackets,54.99,DV8 Fashion,116329,General Clothing,626,https://images2.productserve.com/?w=200&h=200&bg=white&trim=5&t=letterbox&url=ssl%3Awww.dv8fashion.com%2FImages%2FModels%2FFull%2F31237.jpg&feedId=102766&k=463955b47d5a8c640a69457d3689bf5bbeb6963f,GBP,,3.95,https://www.dv8fashion.com/en/Capo-Utility-Jacket---Steel-Grey/m-31237.aspx?PartnerID=4730&utm_source=affiliate&utm_medium=affiliatewindow&utm_campaign=UnitedKingdom,,,GBP54.99,102766,Capo,1,,https://www.dv8fashion.com/Images/Models/Full/31237-1.jpg,https://www.dv8fashion.com/Images/Models/Full/31237-2.jpg,,https://www.dv8fashion.com/Images/Models/Full/31237-3.jpg,Mens,Coats & Jackets
https://www.awin1.com/pclick.php?p=41466285738&a=2771700&m=116329,Capo Utility Jacket - Steel Grey - XS,41466285738,212404AWUK,https://www.dv8fashion.com/Images/Models/Full/31237.jpg,"The Capo UTILITY&nbsp;Jacket&nbsp;is the premium piece to impress,&nbsp;featuring&nbsp;front chest pockets, collar and front zip. The Capo UTILITY Jacket has been crafted&nbsp;for the perfect fit, our obsession with the fitting and quality of materials has resulted in the perfect athletic fit and ultimate comfort.      Slim Aesthetic Fitting.     Front&nbsp;Chest Pockets.     Premium Front Zip. Product Code: P-77363-62--",Jackets,54.99,DV8 Fashion,116329,General Clothing,626,https://images2.productserve.com/?w=200&h=200&bg=white&trim=5&t=letterbox&url=ssl%3Awww.dv8fashion.com%2FImages%2FModels%2FFull%2F31237.jpg&feedId=102766&k=463955b47d5a8c640a69457d3689bf5bbeb6963f,GBP,,3.95,https://www.dv8fashion.com/en/Capo-Utility-Jacket---Steel-Grey/m-31237.aspx?PartnerID=4730&utm_source=affiliate&utm_medium=affiliatewindow&utm_campaign=UnitedKingdom,,,GBP54.99,102766,Capo,1,,https://www.dv8fashion.com/Images/Models/Full/31237-1.jpg,https://www.dv8fashion.com/Images/Models/Full/31237-2.jpg,,https://www.dv8fashion.com/Images/Models/Full/31237-3.jpg,Mens,Coats & Jackets
https://www.awin1.com/pclick.php?p=41466285713&a=2771700&m=116329,Capo Button Zip Up Jacket - Black - M,41466285713,227393AWUK,https://www.dv8fashion.com/Images/Models/Full/32657.jpg,"The Capo BUTTON Jacket is the premium piece to impress, featuring front chest pockets, collar and front zip. The Capo BUTTON Jacket has been crafted for the perfect fit, our obsession with the fitting and quality of materials has resulted in the perfect athletic fit and ultimate comfort      Slim Aesthetic Fitting     Front Chest Pockets     Premium Front Zip Product Code: P-79756-10--",Jackets,54.99,DV8 Fashion,116329,General Clothing,626,https://images2.productserve.com/?w=200&h=200&bg=white&trim=5&t=letterbox&url=ssl%3Awww.dv8fashion.com%2FImages%2FModels%2FFull%2F32657.jpg&feedId=102766&k=9a2e2aefd7c1f769af05a38dd6e8b2cec2ec667f,GBP,,3.95,https://www.dv8fashion.com/en/Capo-Button-Zip-Up-Jacket---Black/m-32657.aspx?PartnerID=4730&utm_source=affiliate&utm_medium=affiliatewindow&utm_campaign=UnitedKingdom,,,GBP54.99,102766,Capo,1,,https://www.dv8fashion.com/Images/Models/Full/32657-1.jpg,https://www.dv8fashion.com/Images/Models/Full/32657-2.jpg,,https://www.dv8fashion.com/Images/Models/Full/32657-3.jpg,Mens,Coats & Jackets
https://www.awin1.com/pclick.php?p=41466285715&a=2771700&m=116329,Capo Button Zip Up Jacket - Black - XL,41466285715,227395AWUK,https://www.dv8fashion.com/Images/Models/Full/32657.jpg,"The Capo BUTTON Jacket is the premium piece to impress, featuring front chest pockets, collar and front zip. The Capo BUTTON Jacket has been crafted for the perfect fit, our obsession with the fitting and quality of materials has resulted in the perfect athletic fit and ultimate comfort      Slim Aesthetic Fitting     Front Chest Pockets     Premium Front Zip Product Code: P-79756-10--",Jackets,54.99,DV8 Fashion,116329,General Clothing,626,https://images2.productserve.com/?w=200&h=200&bg=white&trim=5&t=letterbox&url=ssl%3Awww.dv8fashion.com%2FImages%2FModels%2FFull%2F32657.jpg&feedId=102766&k=9a2e2aefd7c1f769af05a38dd6e8b2cec2ec667f,GBP,,3.95,https://www.dv8fashion.com/en/Capo-Button-Zip-Up-Jacket---Black/m-32657.aspx?PartnerID=4730&utm_source=affiliate&utm_medium=affiliatewindow&utm_campaign=UnitedKingdom,,,GBP54.99,102766,Capo,1,,https://www.dv8fashion.com/Images/Models/Full/32657-1.jpg,https://www.dv8fashion.com/Images/Models/Full/32657-2.jpg,,https://www.dv8fashion.com/Images/Models/Full/32657-3.jpg,Mens,Coats & Jackets
https://www.awin1.com/pclick.php?p=41466285716&a=2771700&m=116329,Capo Button Zip Up Jacket - Black - XS,41466285716,227396AWUK,https://www.dv8fashion.com/Images/Models/Full/32657.jpg,"The Capo BUTTON Jacket is the premium piece to impress, featuring front chest pockets, collar and front zip. The Capo BUTTON Jacket has been crafted for the perfect fit, our obsession with the fitting and quality of materials has resulted in the perfect athletic fit and ultimate comfort      Slim Aesthetic Fitting     Front Chest Pockets     Premium Front Zip Product Code: P-79756-10--",Jackets,54.99,DV8 Fashion,116329,General Clothing,626,https://images2.productserve.com/?w=200&h=200&bg=white&trim=5&t=letterbox&url=ssl%3Awww.dv8fashion.com%2FImages%2FModels%2FFull%2F32657.jpg&feedId=102766&k=9a2e2aefd7c1f769af05a38dd6e8b2cec2ec667f,GBP,,3.95,https://www.dv8fashion.com/en/Capo-Button-Zip-Up-Jacket---Black/m-32657.aspx?PartnerID=4730&utm_source=affiliate&utm_medium=affiliatewindow&utm_campaign=UnitedKingdom,,,GBP54.99,102766,Capo,1,,https://www.dv8fashion.com/Images/Models/Full/32657-1.jpg,https://www.dv8fashion.com/Images/Models/Full/32657-2.jpg,,https://www.dv8fashion.com/Images/Models/Full/32657-3.jpg,Mens,Coats & Jackets
https://www.awin1.com/pclick.php?p=41466285714&a=2771700&m=116329,Capo Button Zip Up Jacket - Black - S,41466285714,227394AWUK,https://www.dv8fashion.com/Images/Models/Full/32657.jpg,"The Capo BUTTON Jacket is the premium piece to impress, featuring front chest pockets, collar and front zip. The Capo BUTTON Jacket has been crafted for the perfect fit, our obsession with the fitting and quality of materials has resulted in the perfect athletic fit and ultimate comfort      Slim Aesthetic Fitting     Front Chest Pockets     Premium Front Zip Product Code: P-79756-10--",Jackets,54.99,DV8 Fashion,116329,General Clothing,626,https://images2.productserve.com/?w=200&h=200&bg=white&trim=5&t=letterbox&url=ssl%3Awww.dv8fashion.com%2FImages%2FModels%2FFull%2F32657.jpg&feedId=102766&k=9a2e2aefd7c1f769af05a38dd6e8b2cec2ec667f,GBP,,3.95,https://www.dv8fashion.com/en/Capo-Button-Zip-Up-Jacket---Black/m-32657.aspx?PartnerID=4730&utm_source=affiliate&utm_medium=affiliatewindow&utm_campaign=UnitedKingdom,,,GBP54.99,102766,Capo,1,,https://www.dv8fashion.com/Images/Models/Full/32657-1.jpg,https://www.dv8fashion.com/Images/Models/Full/32657-2.jpg,,https://www.dv8fashion.com/Images/Models/Full/32657-3.jpg,Mens,Coats & Jackets
https://www.awin1.com/pclick.php?p=41466285712&a=2771700&m=116329,Capo Button Zip Up Jacket - Black - L,41466285712,227392AWUK,https://www.dv8fashion.com/Images/Models/Full/32657.jpg,"The Capo BUTTON Jacket is the premium piece to impress, featuring front chest pockets, collar and front zip. The Capo BUTTON Jacket has been crafted for the perfect fit, our obsession with the fitting and quality of materials has resulted in the perfect athletic fit and ultimate comfort      Slim Aesthetic Fitting     Front Chest Pockets     Premium Front Zip Product Code: P-79756-10--",Jackets,54.99,DV8 Fashion,116329,General Clothing,626,https://images2.productserve.com/?w=200&h=200&bg=white&trim=5&t=letterbox&url=ssl%3Awww.dv8fashion.com%2FImages%2FModels%2FFull%2F32657.jpg&feedId=102766&k=9a2e2aefd7c1f769af05a38dd6e8b2cec2ec667f,GBP,,3.95,https://www.dv8fashion.com/en/Capo-Button-Zip-Up-Jacket---Black/m-32657.aspx?PartnerID=4730&utm_source=affiliate&utm_medium=affiliatewindow&utm_campaign=UnitedKingdom,,,GBP54.99,102766,Capo,1,,https://www.dv8fashion.com/Images/Models/Full/32657-1.jpg,https://www.dv8fashion.com/Images/Models/Full/32657-2.jpg,,https://www.dv8fashion.com/Images/Models/Full/32657-3.jpg,Mens,Coats & Jackets
https://www.awin1.com/pclick.php?p=43962223149&a=2771700&m=116329,Capo Club Craftsmanship Hoodie - Green / White - M,43962223149,269946AWUK,https://www.dv8fashion.com/Images/Models/Full/36606.jpg,"The Capo Club Craftmanship hoodie offers a relaxed fit with standout style, featuring our signature branding on the front left chest and bold artwork across the back. Crafted with premium print      Regular Fit     Hoodie     Long Sleeve     Printed logo on front left chest and large on the back Product Code: P-86261-45--",Hooded Sweatshirts,59.99,DV8 Fashion,116329,General Clothing,626,https://images2.productserve.com/?w=200&h=200&bg=white&trim=5&t=letterbox&url=ssl%3Awww.dv8fashion.com%2FImages%2FModels%2FFull%2F36606.jpg&feedId=102766&k=6695149ca7c82832c3afa38514c7e476fbfa7935,GBP,,3.95,https://www.dv8fashion.com/en/Capo-Club-Craftsmanship-Hoodie---Green--White/m-36606.aspx?PartnerID=4730&utm_source=affiliate&utm_medium=affiliatewindow&utm_campaign=UnitedKingdom,,,GBP59.99,102766,Capo,1,,https://www.dv8fashion.com/Images/Models/Full/36606-1.jpg,https://www.dv8fashion.com/Images/Models/Full/36606-2.jpg,,https://www.dv8fashion.com/Images/Models/Full/36606-3.jpg,Mens,Jumpers & Knits
https://www.awin1.com/pclick.php?p=43962223152&a=2771700&m=116329,Capo Club Craftsmanship Hoodie - Green / White - XS,43962223152,269949AWUK,https://www.dv8fashion.com/Images/Models/Full/36606.jpg,"The Capo Club Craftmanship hoodie offers a relaxed fit with standout style, featuring our signature branding on the front left chest and bold artwork across the back. Crafted with premium print      Regular Fit     Hoodie     Long Sleeve     Printed logo on front left chest and large on the back Product Code: P-86261-45--",Hooded Sweatshirts,59.99,DV8 Fashion,116329,General Clothing,626,https://images2.productserve.com/?w=200&h=200&bg=white&trim=5&t=letterbox&url=ssl%3Awww.dv8fashion.com%2FImages%2FModels%2FFull%2F36606.jpg&feedId=102766&k=6695149ca7c82832c3afa38514c7e476fbfa7935,GBP,,3.95,https://www.dv8fashion.com/en/Capo-Club-Craftsmanship-Hoodie---Green--White/m-36606.aspx?PartnerID=4730&utm_source=affiliate&utm_medium=affiliatewindow&utm_campaign=UnitedKingdom,,,GBP59.99,102766,Capo,1,,https://www.dv8fashion.com/Images/Models/Full/36606-1.jpg,https://www.dv8fashion.com/Images/Models/Full/36606-2.jpg,,https://www.dv8fashion.com/Images/Models/Full/36606-3.jpg,Mens,Jumpers & Knits
https://www.awin1.com/pclick.php?p=43962223153&a=2771700&m=116329,Capo Club Initial Hoodie - Black / White - L,43962223153,269956AWUK,https://www.dv8fashion.com/Images/Models/Full/36607.jpg,"Capo Club Hoodie is designed to be the perfect everyday piece combining practicality, comfort and style. Our obsession with the fitting and quality of materials used has resulted in a fitted yet comfortable fit      Slightly relaxed fit hoodie with dropped shoulder     CAPO Club branding front chest &amp; back     Ribbed cuffs and hem     Kangaroo front pocket Product Code: P-86262-10--",Hooded Sweatshirts,59.99,DV8 Fashion,116329,General Clothing,626,https://images2.productserve.com/?w=200&h=200&bg=white&trim=5&t=letterbox&url=ssl%3Awww.dv8fashion.com%2FImages%2FModels%2FFull%2F36607.jpg&feedId=102766&k=3c75a17f7bd69579d4a33b00de3cdf2e7f2ea449,GBP,,3.95,https://www.dv8fashion.com/en/Capo-Club-Initial-Hoodie---Black--White/m-36607.aspx?PartnerID=4730&utm_source=affiliate&utm_medium=affiliatewindow&utm_campaign=UnitedKingdom,,,GBP59.99,102766,Capo,1,,https://www.dv8fashion.com/Images/Models/Full/36607-1.jpg,https://www.dv8fashion.com/Images/Models/Full/36607-2.jpg,,https://www.dv8fashion.com/Images/Models/Full/36607-3.jpg,Mens,Jumpers & Knits
https://www.awin1.com/pclick.php?p=43962223148&a=2771700&m=116329,Capo Club Craftsmanship Hoodie - Green / White - L,43962223148,269945AWUK,https://www.dv8fashion.com/Images/Models/Full/36606.jpg,"The Capo Club Craftmanship hoodie offers a relaxed fit with standout style, featuring our signature branding on the front left chest and bold artwork across the back. Crafted with premium print      Regular Fit     Hoodie     Long Sleeve     Printed logo on front left chest and large on the back Product Code: P-86261-45--",Hooded Sweatshirts,59.99,DV8 Fashion,116329,General Clothing,626,https://images2.productserve.com/?w=200&h=200&bg=white&trim=5&t=letterbox&url=ssl%3Awww.dv8fashion.com%2FImages%2FModels%2FFull%2F36606.jpg&feedId=102766&k=6695149ca7c82832c3afa38514c7e476fbfa7935,GBP,,3.95,https://www.dv8fashion.com/en/Capo-Club-Craftsmanship-Hoodie---Green--White/m-36606.aspx?PartnerID=4730&utm_source=affiliate&utm_medium=affiliatewindow&utm_campaign=UnitedKingdom,,,GBP59.99,102766,Capo,1,,https://www.dv8fashion.com/Images/Models/Full/36606-1.jpg,https://www.dv8fashion.com/Images/Models/Full/36606-2.jpg,,https://www.dv8fashion.com/Images/Models/Full/36606-3.jpg,Mens,Jumpers & Knits
https://www.awin1.com/pclick.php?p=43962223151&a=2771700&m=116329,Capo Club Craftsmanship Hoodie - Green / White - XL,43962223151,269948AWUK,https://www.dv8fashion.com/Images/Models/Full/36606.jpg,"The Capo Club Craftmanship hoodie offers a relaxed fit with standout style, featuring our signature branding on the front left chest and bold artwork across the back. Crafted with premium print      Regular Fit     Hoodie     Long Sleeve     Printed logo on front left chest and large on the back Product Code: P-86261-45--",Hooded Sweatshirts,59.99,DV8 Fashion,116329,General Clothing,626,https://images2.productserve.com/?w=200&h=200&bg=white&trim=5&t=letterbox&url=ssl%3Awww.dv8fashion.com%2FImages%2FModels%2FFull%2F36606.jpg&feedId=102766&k=6695149ca7c82832c3afa38514c7e476fbfa7935,GBP,,3.95,https://www.dv8fashion.com/en/Capo-Club-Craftsmanship-Hoodie---Green--White/m-36606.aspx?PartnerID=4730&utm_source=affiliate&utm_medium=affiliatewindow&utm_campaign=UnitedKingdom,,,GBP59.99,102766,Capo,1,,https://www.dv8fashion.com/Images/Models/Full/36606-1.jpg,https://www.dv8fashion.com/Images/Models/Full/36606-2.jpg,,https://www.dv8fashion.com/Images/Models/Full/36606-3.jpg,Mens,Jumpers & Knits
https://www.awin1.com/pclick.php?p=43962223150&a=2771700&m=116329,Capo Club Craftsmanship Hoodie - Green / White - S,43962223150,269947AWUK,https://www.dv8fashion.com/Images/Models/Full/36606.jpg,"The Capo Club Craftmanship hoodie offers a relaxed fit with standout style, featuring our signature branding on the front left chest and bold artwork across the back. Crafted with premium print      Regular Fit     Hoodie     Long Sleeve     Printed logo on front left chest and large on the back Product Code: P-86261-45--",Hooded Sweatshirts,59.99,DV8 Fashion,116329,General Clothing,626,https://images2.productserve.com/?w=200&h=200&bg=white&trim=5&t=letterbox&url=ssl%3Awww.dv8fashion.com%2FImages%2FModels%2FFull%2F36606.jpg&feedId=102766&k=6695149ca7c82832c3afa38514c7e476fbfa7935,GBP,,3.95,https://www.dv8fashion.com/en/Capo-Club-Craftsmanship-Hoodie---Green--White/m-36606.aspx?PartnerID=4730&utm_source=affiliate&utm_medium=affiliatewindow&utm_campaign=UnitedKingdom,,,GBP59.99,102766,Capo,1,,https://www.dv8fashion.com/Images/Models/Full/36606-1.jpg,https://www.dv8fashion.com/Images/Models/Full/36606-2.jpg,,https://www.dv8fashion.com/Images/Models/Full/36606-3.jpg,Mens,Jumpers & Knits
https://www.awin1.com/pclick.php?p=43962223154&a=2771700&m=116329,Capo Club Initial Hoodie - Black / White - M,43962223154,269957AWUK,https://www.dv8fashion.com/Images/Models/Full/36607.jpg,"Capo Club Hoodie is designed to be the perfect everyday piece combining practicality, comfort and style. Our obsession with the fitting and quality of materials used has resulted in a fitted yet comfortable fit      Slightly relaxed fit hoodie with dropped shoulder     CAPO Club branding front chest &amp; back     Ribbed cuffs and hem     Kangaroo front pocket Product Code: P-86262-10--",Hooded Sweatshirts,59.99,DV8 Fashion,116329,General Clothing,626,https://images2.productserve.com/?w=200&h=200&bg=white&trim=5&t=letterbox&url=ssl%3Awww.dv8fashion.com%2FImages%2FModels%2FFull%2F36607.jpg&feedId=102766&k=3c75a17f7bd69579d4a33b00de3cdf2e7f2ea449,GBP,,3.95,https://www.dv8fashion.com/en/Capo-Club-Initial-Hoodie---Black--White/m-36607.aspx?PartnerID=4730&utm_source=affiliate&utm_medium=affiliatewindow&utm_campaign=UnitedKingdom,,,GBP59.99,102766,Capo,1,,https://www.dv8fashion.com/Images/Models/Full/36607-1.jpg,https://www.dv8fashion.com/Images/Models/Full/36607-2.jpg,,https://www.dv8fashion.com/Images/Models/Full/36607-3.jpg,Mens,Jumpers & Knits
https://www.awin1.com/pclick.php?p=43962223155&a=2771700&m=116329,Capo Club Initial Hoodie - Black / White - S,43962223155,269958AWUK,https://www.dv8fashion.com/Images/Models/Full/36607.jpg,"Capo Club Hoodie is designed to be the perfect everyday piece combining practicality, comfort and style. Our obsession with the fitting and quality of materials used has resulted in a fitted yet comfortable fit      Slightly relaxed fit hoodie with dropped shoulder     CAPO Club branding front chest &amp; back     Ribbed cuffs and hem     Kangaroo front pocket Product Code: P-86262-10--",Hooded Sweatshirts,59.99,DV8 Fashion,116329,General Clothing,626,https://images2.productserve.com/?w=200&h=200&bg=white&trim=5&t=letterbox&url=ssl%3Awww.dv8fashion.com%2FImages%2FModels%2FFull%2F36607.jpg&feedId=102766&k=3c75a17f7bd69579d4a33b00de3cdf2e7f2ea449,GBP,,3.95,https://www.dv8fashion.com/en/Capo-Club-Initial-Hoodie---Black--White/m-36607.aspx?PartnerID=4730&utm_source=affiliate&utm_medium=affiliatewindow&utm_campaign=UnitedKingdom,,,GBP59.99,102766,Capo,1,,https://www.dv8fashion.com/Images/Models/Full/36607-1.jpg,https://www.dv8fashion.com/Images/Models/Full/36607-2.jpg,,https://www.dv8fashion.com/Images/Models/Full/36607-3.jpg,Mens,Jumpers & Knits
https://www.awin1.com/pclick.php?p=43962223162&a=2771700&m=116329,Capo Club 2017 Hoodie - Grey / Green - XS,43962223162,269971AWUK,https://www.dv8fashion.com/Images/Models/Full/36608.jpg,"Capo Club 2017 Hoodie is designed to be the perfect everyday piece combining practicality, comfort and style. Our obsession with the fitting and quality of materials used has resulted in a fitted yet comfortable fit      Slightly relaxed fit hoodie with dropped shoulder     CAPO Club 2017 branding     Ribbed cuffs and hem     Kangaroo front pocket 500gsm     Designed &amp; dispatched from the UK Product Code: P-86263-62--",Hooded Sweatshirts,59.99,DV8 Fashion,116329,General Clothing,626,https://images2.productserve.com/?w=200&h=200&bg=white&trim=5&t=letterbox&url=ssl%3Awww.dv8fashion.com%2FImages%2FModels%2FFull%2F36608.jpg&feedId=102766&k=8b39ed575557ba529a52cd7c3076dc4c8c384b28,GBP,,3.95,https://www.dv8fashion.com/en/Capo-Club-2017-Hoodie---Grey--Green/m-36608.aspx?PartnerID=4730&utm_source=affiliate&utm_medium=affiliatewindow&utm_campaign=UnitedKingdom,,,GBP59.99,102766,Capo,1,,https://www.dv8fashion.com/Images/Models/Full/36608-1.jpg,https://www.dv8fashion.com/Images/Models/Full/36608-2.jpg,,https://www.dv8fashion.com/Images/Models/Full/36608-3.jpg,Mens,Jumpers & Knits
https://www.awin1.com/pclick.php?p=43962223156&a=2771700&m=116329,Capo Club Initial Hoodie - Black / White - XL,43962223156,269959AWUK,https://www.dv8fashion.com/Images/Models/Full/36607.jpg,"Capo Club Hoodie is designed to be the perfect everyday piece combining practicality, comfort and style. Our obsession with the fitting and quality of materials used has resulted in a fitted yet comfortable fit      Slightly relaxed fit hoodie with dropped shoulder     CAPO Club branding front chest &amp; back     Ribbed cuffs and hem     Kangaroo front pocket Product Code: P-86262-10--",Hooded Sweatshirts,59.99,DV8 Fashion,116329,General Clothing,626,https://images2.productserve.com/?w=200&h=200&bg=white&trim=5&t=letterbox&url=ssl%3Awww.dv8fashion.com%2FImages%2FModels%2FFull%2F36607.jpg&feedId=102766&k=3c75a17f7bd69579d4a33b00de3cdf2e7f2ea449,GBP,,3.95,https://www.dv8fashion.com/en/Capo-Club-Initial-Hoodie---Black--White/m-36607.aspx?PartnerID=4730&utm_source=affiliate&utm_medium=affiliatewindow&utm_campaign=UnitedKingdom,,,GBP59.99,102766,Capo,1,,https://www.dv8fashion.com/Images/Models/Full/36607-1.jpg,https://www.dv8fashion.com/Images/Models/Full/36607-2.jpg,,https://www.dv8fashion.com/Images/Models/Full/36607-3.jpg,Mens,Jumpers & Knits
https://www.awin1.com/pclick.php?p=43962223159&a=2771700&m=116329,Capo Club 2017 Hoodie - Grey / Green - M,43962223159,269968AWUK,https://www.dv8fashion.com/Images/Models/Full/36608.jpg,"Capo Club 2017 Hoodie is designed to be the perfect everyday piece combining practicality, comfort and style. Our obsession with the fitting and quality of materials used has resulted in a fitted yet comfortable fit      Slightly relaxed fit hoodie with dropped shoulder     CAPO Club 2017 branding     Ribbed cuffs and hem     Kangaroo front pocket 500gsm     Designed &amp; dispatched from the UK Product Code: P-86263-62--",Hooded Sweatshirts,59.99,DV8 Fashion,116329,General Clothing,626,https://images2.productserve.com/?w=200&h=200&bg=white&trim=5&t=letterbox&url=ssl%3Awww.dv8fashion.com%2FImages%2FModels%2FFull%2F36608.jpg&feedId=102766&k=8b39ed575557ba529a52cd7c3076dc4c8c384b28,GBP,,3.95,https://www.dv8fashion.com/en/Capo-Club-2017-Hoodie---Grey--Green/m-36608.aspx?PartnerID=4730&utm_source=affiliate&utm_medium=affiliatewindow&utm_campaign=UnitedKingdom,,,GBP59.99,102766,Capo,1,,https://www.dv8fashion.com/Images/Models/Full/36608-1.jpg,https://www.dv8fashion.com/Images/Models/Full/36608-2.jpg,,https://www.dv8fashion.com/Images/Models/Full/36608-3.jpg,Mens,Jumpers & Knits
https://www.awin1.com/pclick.php?p=43962223160&a=2771700&m=116329,Capo Club 2017 Hoodie - Grey / Green - S,43962223160,269969AWUK,https://www.dv8fashion.com/Images/Models/Full/36608.jpg,"Capo Club 2017 Hoodie is designed to be the perfect everyday piece combining practicality, comfort and style. Our obsession with the fitting and quality of materials used has resulted in a fitted yet comfortable fit      Slightly relaxed fit hoodie with dropped shoulder     CAPO Club 2017 branding     Ribbed cuffs and hem     Kangaroo front pocket 500gsm     Designed &amp; dispatched from the UK Product Code: P-86263-62--",Hooded Sweatshirts,59.99,DV8 Fashion,116329,General Clothing,626,https://images2.productserve.com/?w=200&h=200&bg=white&trim=5&t=letterbox&url=ssl%3Awww.dv8fashion.com%2FImages%2FModels%2FFull%2F36608.jpg&feedId=102766&k=8b39ed575557ba529a52cd7c3076dc4c8c384b28,GBP,,3.95,https://www.dv8fashion.com/en/Capo-Club-2017-Hoodie---Grey--Green/m-36608.aspx?PartnerID=4730&utm_source=affiliate&utm_medium=affiliatewindow&utm_campaign=UnitedKingdom,,,GBP59.99,102766,Capo,1,,https://www.dv8fashion.com/Images/Models/Full/36608-1.jpg,https://www.dv8fashion.com/Images/Models/Full/36608-2.jpg,,https://www.dv8fashion.com/Images/Models/Full/36608-3.jpg,Mens,Jumpers & Knits
https://www.awin1.com/pclick.php?p=43962223157&a=2771700&m=116329,Capo Club Initial Hoodie - Black / White - XS,43962223157,269960AWUK,https://www.dv8fashion.com/Images/Models/Full/36607.jpg,"Capo Club Hoodie is designed to be the perfect everyday piece combining practicality, comfort and style. Our obsession with the fitting and quality of materials used has resulted in a fitted yet comfortable fit      Slightly relaxed fit hoodie with dropped shoulder     CAPO Club branding front chest &amp; back     Ribbed cuffs and hem     Kangaroo front pocket Product Code: P-86262-10--",Hooded Sweatshirts,59.99,DV8 Fashion,116329,General Clothing,626,https://images2.productserve.com/?w=200&h=200&bg=white&trim=5&t=letterbox&url=ssl%3Awww.dv8fashion.com%2FImages%2FModels%2FFull%2F36607.jpg&feedId=102766&k=3c75a17f7bd69579d4a33b00de3cdf2e7f2ea449,GBP,,3.95,https://www.dv8fashion.com/en/Capo-Club-Initial-Hoodie---Black--White/m-36607.aspx?PartnerID=4730&utm_source=affiliate&utm_medium=affiliatewindow&utm_campaign=UnitedKingdom,,,GBP59.99,102766,Capo,1,,https://www.dv8fashion.com/Images/Models/Full/36607-1.jpg,https://www.dv8fashion.com/Images/Models/Full/36607-2.jpg,,https://www.dv8fashion.com/Images/Models/Full/36607-3.jpg,Mens,Jumpers & Knits
https://www.awin1.com/pclick.php?p=43962223161&a=2771700&m=116329,Capo Club 2017 Hoodie - Grey / Green - XL,43962223161,269970AWUK,https://www.dv8fashion.com/Images/Models/Full/36608.jpg,"Capo Club 2017 Hoodie is designed to be the perfect everyday piece combining practicality, comfort and style. Our obsession with the fitting and quality of materials used has resulted in a fitted yet comfortable fit      Slightly relaxed fit hoodie with dropped shoulder     CAPO Club 2017 branding     Ribbed cuffs and hem     Kangaroo front pocket 500gsm     Designed &amp; dispatched from the UK Product Code: P-86263-62--",Hooded Sweatshirts,59.99,DV8 Fashion,116329,General Clothing,626,https://images2.productserve.com/?w=200&h=200&bg=white&trim=5&t=letterbox&url=ssl%3Awww.dv8fashion.com%2FImages%2FModels%2FFull%2F36608.jpg&feedId=102766&k=8b39ed575557ba529a52cd7c3076dc4c8c384b28,GBP,,3.95,https://www.dv8fashion.com/en/Capo-Club-2017-Hoodie---Grey--Green/m-36608.aspx?PartnerID=4730&utm_source=affiliate&utm_medium=affiliatewindow&utm_campaign=UnitedKingdom,,,GBP59.99,102766,Capo,1,,https://www.dv8fashion.com/Images/Models/Full/36608-1.jpg,https://www.dv8fashion.com/Images/Models/Full/36608-2.jpg,,https://www.dv8fashion.com/Images/Models/Full/36608-3.jpg,Mens,Jumpers & Knits
https://www.awin1.com/pclick.php?p=43962223164&a=2771700&m=116329,Capo Club Craftmanship Hoodie - Blue - M,43962223164,269979AWUK,https://www.dv8fashion.com/Images/Models/Full/36609.jpg,"Capo Club Hoodie is designed to be the perfect everyday piece combining practicality, comfort and style. Our obsession with the fitting and quality of materials used has resulted in a fitted yet comfortable fit      Slightly relaxed fit hoodie with dropped shoulder     CAPO Club branding front chest &amp; back     Ribbed cuffs and hem     Kangaroo front pocket Product Code: P-86264-61--",Hooded Sweatshirts,59.99,DV8 Fashion,116329,General Clothing,626,https://images2.productserve.com/?w=200&h=200&bg=white&trim=5&t=letterbox&url=ssl%3Awww.dv8fashion.com%2FImages%2FModels%2FFull%2F36609.jpg&feedId=102766&k=4a682caccd8c7d9a941da8d12d8685d5242c1028,GBP,,3.95,https://www.dv8fashion.com/en/Capo-Club-Craftmanship-Hoodie---Blue/m-36609.aspx?PartnerID=4730&utm_source=affiliate&utm_medium=affiliatewindow&utm_campaign=UnitedKingdom,,,GBP59.99,102766,Capo,1,,https://www.dv8fashion.com/Images/Models/Full/36609-1.jpg,https://www.dv8fashion.com/Images/Models/Full/36609-2.jpg,,https://www.dv8fashion.com/Images/Models/Full/36609-3.jpg,Mens,Jumpers & Knits
https://www.awin1.com/pclick.php?p=43962223158&a=2771700&m=116329,Capo Club 2017 Hoodie - Grey / Green - L,43962223158,269967AWUK,https://www.dv8fashion.com/Images/Models/Full/36608.jpg,"Capo Club 2017 Hoodie is designed to be the perfect everyday piece combining practicality, comfort and style. Our obsession with the fitting and quality of materials used has resulted in a fitted yet comfortable fit      Slightly relaxed fit hoodie with dropped shoulder     CAPO Club 2017 branding     Ribbed cuffs and hem     Kangaroo front pocket 500gsm     Designed &amp; dispatched from the UK Product Code: P-86263-62--",Hooded Sweatshirts,59.99,DV8 Fashion,116329,General Clothing,626,https://images2.productserve.com/?w=200&h=200&bg=white&trim=5&t=letterbox&url=ssl%3Awww.dv8fashion.com%2FImages%2FModels%2FFull%2F36608.jpg&feedId=102766&k=8b39ed575557ba529a52cd7c3076dc4c8c384b28,GBP,,3.95,https://www.dv8fashion.com/en/Capo-Club-2017-Hoodie---Grey--Green/m-36608.aspx?PartnerID=4730&utm_source=affiliate&utm_medium=affiliatewindow&utm_campaign=UnitedKingdom,,,GBP59.99,102766,Capo,1,,https://www.dv8fashion.com/Images/Models/Full/36608-1.jpg,https://www.dv8fashion.com/Images/Models/Full/36608-2.jpg,,https://www.dv8fashion.com/Images/Models/Full/36608-3.jpg,Mens,Jumpers & Knits
https://www.awin1.com/pclick.php?p=43962223166&a=2771700&m=116329,Capo Club Craftmanship Hoodie - Blue - XL,43962223166,269981AWUK,https://www.dv8fashion.com/Images/Models/Full/36609.jpg,"Capo Club Hoodie is designed to be the perfect everyday piece combining practicality, comfort and style. Our obsession with the fitting and quality of materials used has resulted in a fitted yet comfortable fit      Slightly relaxed fit hoodie with dropped shoulder     CAPO Club branding front chest &amp; back     Ribbed cuffs and hem     Kangaroo front pocket Product Code: P-86264-61--",Hooded Sweatshirts,59.99,DV8 Fashion,116329,General Clothing,626,https://images2.productserve.com/?w=200&h=200&bg=white&trim=5&t=letterbox&url=ssl%3Awww.dv8fashion.com%2FImages%2FModels%2FFull%2F36609.jpg&feedId=102766&k=4a682caccd8c7d9a941da8d12d8685d5242c1028,GBP,,3.95,https://www.dv8fashion.com/en/Capo-Club-Craftmanship-Hoodie---Blue/m-36609.aspx?PartnerID=4730&utm_source=affiliate&utm_medium=affiliatewindow&utm_campaign=UnitedKingdom,,,GBP59.99,102766,Capo,1,,https://www.dv8fashion.com/Images/Models/Full/36609-1.jpg,https://www.dv8fashion.com/Images/Models/Full/36609-2.jpg,,https://www.dv8fashion.com/Images/Models/Full/36609-3.jpg,Mens,Jumpers & Knits
https://www.awin1.com/pclick.php?p=43962223167&a=2771700&m=116329,Capo Club Craftmanship Hoodie - Blue - XS,43962223167,269982AWUK,https://www.dv8fashion.com/Images/Models/Full/36609.jpg,"Capo Club Hoodie is designed to be the perfect everyday piece combining practicality, comfort and style. Our obsession with the fitting and quality of materials used has resulted in a fitted yet comfortable fit      Slightly relaxed fit hoodie with dropped shoulder     CAPO Club branding front chest &amp; back     Ribbed cuffs and hem     Kangaroo front pocket Product Code: P-86264-61--",Hooded Sweatshirts,59.99,DV8 Fashion,116329,General Clothing,626,https://images2.productserve.com/?w=200&h=200&bg=white&trim=5&t=letterbox&url=ssl%3Awww.dv8fashion.com%2FImages%2FModels%2FFull%2F36609.jpg&feedId=102766&k=4a682caccd8c7d9a941da8d12d8685d5242c1028,GBP,,3.95,https://www.dv8fashion.com/en/Capo-Club-Craftmanship-Hoodie---Blue/m-36609.aspx?PartnerID=4730&utm_source=affiliate&utm_medium=affiliatewindow&utm_campaign=UnitedKingdom,,,GBP59.99,102766,Capo,1,,https://www.dv8fashion.com/Images/Models/Full/36609-1.jpg,https://www.dv8fashion.com/Images/Models/Full/36609-2.jpg,,https://www.dv8fashion.com/Images/Models/Full/36609-3.jpg,Mens,Jumpers & Knits
https://www.awin1.com/pclick.php?p=43962223163&a=2771700&m=116329,Capo Club Craftmanship Hoodie - Blue - L,43962223163,269978AWUK,https://www.dv8fashion.com/Images/Models/Full/36609.jpg,"Capo Club Hoodie is designed to be the perfect everyday piece combining practicality, comfort and style. Our obsession with the fitting and quality of materials used has resulted in a fitted yet comfortable fit      Slightly relaxed fit hoodie with dropped shoulder     CAPO Club branding front chest &amp; back     Ribbed cuffs and hem     Kangaroo front pocket Product Code: P-86264-61--",Hooded Sweatshirts,59.99,DV8 Fashion,116329,General Clothing,626,https://images2.productserve.com/?w=200&h=200&bg=white&trim=5&t=letterbox&url=ssl%3Awww.dv8fashion.com%2FImages%2FModels%2FFull%2F36609.jpg&feedId=102766&k=4a682caccd8c7d9a941da8d12d8685d5242c1028,GBP,,3.95,https://www.dv8fashion.com/en/Capo-Club-Craftmanship-Hoodie---Blue/m-36609.aspx?PartnerID=4730&utm_source=affiliate&utm_medium=affiliatewindow&utm_campaign=UnitedKingdom,,,GBP59.99,102766,Capo,1,,https://www.dv8fashion.com/Images/Models/Full/36609-1.jpg,https://www.dv8fashion.com/Images/Models/Full/36609-2.jpg,,https://www.dv8fashion.com/Images/Models/Full/36609-3.jpg,Mens,Jumpers & Knits
https://www.awin1.com/pclick.php?p=43962223165&a=2771700&m=116329,Capo Club Craftmanship Hoodie - Blue - S,43962223165,269980AWUK,https://www.dv8fashion.com/Images/Models/Full/36609.jpg,"Capo Club Hoodie is designed to be the perfect everyday piece combining practicality, comfort and style. Our obsession with the fitting and quality of materials used has resulted in a fitted yet comfortable fit      Slightly relaxed fit hoodie with dropped shoulder     CAPO Club branding front chest &amp; back     Ribbed cuffs and hem     Kangaroo front pocket Product Code: P-86264-61--",Hooded Sweatshirts,59.99,DV8 Fashion,116329,General Clothing,626,https://images2.productserve.com/?w=200&h=200&bg=white&trim=5&t=letterbox&url=ssl%3Awww.dv8fashion.com%2FImages%2FModels%2FFull%2F36609.jpg&feedId=102766&k=4a682caccd8c7d9a941da8d12d8685d5242c1028,GBP,,3.95,https://www.dv8fashion.com/en/Capo-Club-Craftmanship-Hoodie---Blue/m-36609.aspx?PartnerID=4730&utm_source=affiliate&utm_medium=affiliatewindow&utm_campaign=UnitedKingdom,,,GBP59.99,102766,Capo,1,,https://www.dv8fashion.com/Images/Models/Full/36609-1.jpg,https://www.dv8fashion.com/Images/Models/Full/36609-2.jpg,,https://www.dv8fashion.com/Images/Models/Full/36609-3.jpg,Mens,Jumpers & Knits
https://www.awin1.com/pclick.php?p=43657027412&a=2771700&m=116329,Capo Overshirt - Light Stone - S,43657027412,267036AWUK,https://www.dv8fashion.com/Images/Models/Full/36347.jpg,Capo OVERSHIRT is produced to give a premium look and feel! Long sleeve button shirt. Chest pockets with pocket flap and button..      Buttoned sleeve cuff shirts     Tailored fit and look Product Code: P-85488-34--,Plain Shacket,54.99,DV8 Fashion,116329,General Clothing,626,https://images2.productserve.com/?w=200&h=200&bg=white&trim=5&t=letterbox&url=ssl%3Awww.dv8fashion.com%2FImages%2FModels%2FFull%2F36347.jpg&feedId=102766&k=d6741f7737f0de9901f82df8564bb2917ccdd756,GBP,,3.95,https://www.dv8fashion.com/en/Capo-Overshirt---Light-Stone/m-36347.aspx?PartnerID=4730&utm_source=affiliate&utm_medium=affiliatewindow&utm_campaign=UnitedKingdom,,,GBP54.99,102766,Capo,1,,https://www.dv8fashion.com/Images/Models/Full/36347-1.jpg,https://www.dv8fashion.com/Images/Models/Full/36347-2.jpg,,https://www.dv8fashion.com/Images/Models/Full/36347-3.jpg,Mens,Overshirts
https://www.awin1.com/pclick.php?p=43657027411&a=2771700&m=116329,Capo Overshirt - Light Stone - M,43657027411,267035AWUK,https://www.dv8fashion.com/Images/Models/Full/36347.jpg,Capo OVERSHIRT is produced to give a premium look and feel! Long sleeve button shirt. Chest pockets with pocket flap and button..      Buttoned sleeve cuff shirts     Tailored fit and look Product Code: P-85488-34--,Plain Shacket,54.99,DV8 Fashion,116329,General Clothing,626,https://images2.productserve.com/?w=200&h=200&bg=white&trim=5&t=letterbox&url=ssl%3Awww.dv8fashion.com%2FImages%2FModels%2FFull%2F36347.jpg&feedId=102766&k=d6741f7737f0de9901f82df8564bb2917ccdd756,GBP,,3.95,https://www.dv8fashion.com/en/Capo-Overshirt---Light-Stone/m-36347.aspx?PartnerID=4730&utm_source=affiliate&utm_medium=affiliatewindow&utm_campaign=UnitedKingdom,,,GBP54.99,102766,Capo,1,,https://www.dv8fashion.com/Images/Models/Full/36347-1.jpg,https://www.dv8fashion.com/Images/Models/Full/36347-2.jpg,,https://www.dv8fashion.com/Images/Models/Full/36347-3.jpg,Mens,Overshirts
https://www.awin1.com/pclick.php?p=43657027413&a=2771700&m=116329,Capo Overshirt - Light Stone - XL,43657027413,267037AWUK,https://www.dv8fashion.com/Images/Models/Full/36347.jpg,Capo OVERSHIRT is produced to give a premium look and feel! Long sleeve button shirt. Chest pockets with pocket flap and button..      Buttoned sleeve cuff shirts     Tailored fit and look Product Code: P-85488-34--,Plain Shacket,54.99,DV8 Fashion,116329,General Clothing,626,https://images2.productserve.com/?w=200&h=200&bg=white&trim=5&t=letterbox&url=ssl%3Awww.dv8fashion.com%2FImages%2FModels%2FFull%2F36347.jpg&feedId=102766&k=d6741f7737f0de9901f82df8564bb2917ccdd756,GBP,,3.95,https://www.dv8fashion.com/en/Capo-Overshirt---Light-Stone/m-36347.aspx?PartnerID=4730&utm_source=affiliate&utm_medium=affiliatewindow&utm_campaign=UnitedKingdom,,,GBP54.99,102766,Capo,1,,https://www.dv8fashion.com/Images/Models/Full/36347-1.jpg,https://www.dv8fashion.com/Images/Models/Full/36347-2.jpg,,https://www.dv8fashion.com/Images/Models/Full/36347-3.jpg,Mens,Overshirts
https://www.awin1.com/pclick.php?p=43657027414&a=2771700&m=116329,Capo Overshirt - Light Stone - XS,43657027414,267038AWUK,https://www.dv8fashion.com/Images/Models/Full/36347.jpg,Capo OVERSHIRT is produced to give a premium look and feel! Long sleeve button shirt. Chest pockets with pocket flap and button..      Buttoned sleeve cuff shirts     Tailored fit and look Product Code: P-85488-34--,Plain Shacket,54.99,DV8 Fashion,116329,General Clothing,626,https://images2.productserve.com/?w=200&h=200&bg=white&trim=5&t=letterbox&url=ssl%3Awww.dv8fashion.com%2FImages%2FModels%2FFull%2F36347.jpg&feedId=102766&k=d6741f7737f0de9901f82df8564bb2917ccdd756,GBP,,3.95,https://www.dv8fashion.com/en/Capo-Overshirt---Light-Stone/m-36347.aspx?PartnerID=4730&utm_source=affiliate&utm_medium=affiliatewindow&utm_campaign=UnitedKingdom,,,GBP54.99,102766,Capo,1,,https://www.dv8fashion.com/Images/Models/Full/36347-1.jpg,https://www.dv8fashion.com/Images/Models/Full/36347-2.jpg,,https://www.dv8fashion.com/Images/Models/Full/36347-3.jpg,Mens,Overshirts
https://www.awin1.com/pclick.php?p=43657027410&a=2771700&m=116329,Capo Overshirt - Light Stone - L,43657027410,267034AWUK,https://www.dv8fashion.com/Images/Models/Full/36347.jpg,Capo OVERSHIRT is produced to give a premium look and feel! Long sleeve button shirt. Chest pockets with pocket flap and button..      Buttoned sleeve cuff shirts     Tailored fit and look Product Code: P-85488-34--,Plain Shacket,54.99,DV8 Fashion,116329,General Clothing,626,https://images2.productserve.com/?w=200&h=200&bg=white&trim=5&t=letterbox&url=ssl%3Awww.dv8fashion.com%2FImages%2FModels%2FFull%2F36347.jpg&feedId=102766&k=d6741f7737f0de9901f82df8564bb2917ccdd756,GBP,,3.95,https://www.dv8fashion.com/en/Capo-Overshirt---Light-Stone/m-36347.aspx?PartnerID=4730&utm_source=affiliate&utm_medium=affiliatewindow&utm_campaign=UnitedKingdom,,,GBP54.99,102766,Capo,1,,https://www.dv8fashion.com/Images/Models/Full/36347-1.jpg,https://www.dv8fashion.com/Images/Models/Full/36347-2.jpg,,https://www.dv8fashion.com/Images/Models/Full/36347-3.jpg,Mens,Overshirts
https://www.awin1.com/pclick.php?p=43836717195&a=2771700&m=116329,Capo International Hoodie - Navy - 2XL,43836717195,266544AWUK,https://www.dv8fashion.com/Images/Models/Full/36300.jpg,"Capo International Hoodie is designed to be the perfect everyday piece combining practicality, comfort and style. Our obsession with the fitting and quality of materials used has resulted in a fitted yet comfortable fit      Slightly relaxed fit hoodie with dropped shoulder     CAPO International branding front chest &amp; back     Ribbed cuffs and hem     Kangaroo front pocket Product Code: P-85385-12--",Hooded Sweatshirts,64.99,DV8 Fashion,116329,General Clothing,626,https://images2.productserve.com/?w=200&h=200&bg=white&trim=5&t=letterbox&url=ssl%3Awww.dv8fashion.com%2FImages%2FModels%2FFull%2F36300.jpg&feedId=102766&k=02cd94938522e3e50a3b7652e6b1549cadcc7622,GBP,,3.95,https://www.dv8fashion.com/en/Capo-International-Hoodie---Navy/m-36300.aspx?PartnerID=4730&utm_source=affiliate&utm_medium=affiliatewindow&utm_campaign=UnitedKingdom,,,GBP64.99,102766,Capo,1,,https://www.dv8fashion.com/Images/Models/Full/36300-1.jpg,https://www.dv8fashion.com/Images/Models/Full/36300-2.jpg,,https://www.dv8fashion.com/Images/Models/Full/36300-3.jpg,Mens,Jumpers & Knits
https://www.awin1.com/pclick.php?p=43493803017&a=2771700&m=116329,Capo International Hoodie - Navy - L,43493803017,266550AWUK,https://www.dv8fashion.com/Images/Models/Full/36300.jpg,"Capo International Hoodie is designed to be the perfect everyday piece combining practicality, comfort and style. Our obsession with the fitting and quality of materials used has resulted in a fitted yet comfortable fit      Slightly relaxed fit hoodie with dropped shoulder     CAPO International branding front chest &amp; back     Ribbed cuffs and hem     Kangaroo front pocket Product Code: P-85385-12--",Hooded Sweatshirts,64.99,DV8 Fashion,116329,General Clothing,626,https://images2.productserve.com/?w=200&h=200&bg=white&trim=5&t=letterbox&url=ssl%3Awww.dv8fashion.com%2FImages%2FModels%2FFull%2F36300.jpg&feedId=102766&k=02cd94938522e3e50a3b7652e6b1549cadcc7622,GBP,,3.95,https://www.dv8fashion.com/en/Capo-International-Hoodie---Navy/m-36300.aspx?PartnerID=4730&utm_source=affiliate&utm_medium=affiliatewindow&utm_campaign=UnitedKingdom,,,GBP64.99,102766,Capo,1,,https://www.dv8fashion.com/Images/Models/Full/36300-1.jpg,https://www.dv8fashion.com/Images/Models/Full/36300-2.jpg,,https://www.dv8fashion.com/Images/Models/Full/36300-3.jpg,Mens,Jumpers & Knits
https://www.awin1.com/pclick.php?p=43493803018&a=2771700&m=116329,Capo International Hoodie - Navy - M,43493803018,266551AWUK,https://www.dv8fashion.com/Images/Models/Full/36300.jpg,"Capo International Hoodie is designed to be the perfect everyday piece combining practicality, comfort and style. Our obsession with the fitting and quality of materials used has resulted in a fitted yet comfortable fit      Slightly relaxed fit hoodie with dropped shoulder     CAPO International branding front chest &amp; back     Ribbed cuffs and hem     Kangaroo front pocket Product Code: P-85385-12--",Hooded Sweatshirts,64.99,DV8 Fashion,116329,General Clothing,626,https://images2.productserve.com/?w=200&h=200&bg=white&trim=5&t=letterbox&url=ssl%3Awww.dv8fashion.com%2FImages%2FModels%2FFull%2F36300.jpg&feedId=102766&k=02cd94938522e3e50a3b7652e6b1549cadcc7622,GBP,,3.95,https://www.dv8fashion.com/en/Capo-International-Hoodie---Navy/m-36300.aspx?PartnerID=4730&utm_source=affiliate&utm_medium=affiliatewindow&utm_campaign=UnitedKingdom,,,GBP64.99,102766,Capo,1,,https://www.dv8fashion.com/Images/Models/Full/36300-1.jpg,https://www.dv8fashion.com/Images/Models/Full/36300-2.jpg,,https://www.dv8fashion.com/Images/Models/Full/36300-3.jpg,Mens,Jumpers & Knits
https://www.awin1.com/pclick.php?p=43508032858&a=2771700&m=116329,Capo International Hoodie - Navy - S,43508032858,266552AWUK,https://www.dv8fashion.com/Images/Models/Full/36300.jpg,"Capo International Hoodie is designed to be the perfect everyday piece combining practicality, comfort and style. Our obsession with the fitting and quality of materials used has resulted in a fitted yet comfortable fit      Slightly relaxed fit hoodie with dropped shoulder     CAPO International branding front chest &amp; back     Ribbed cuffs and hem     Kangaroo front pocket Product Code: P-85385-12--",Hooded Sweatshirts,64.99,DV8 Fashion,116329,General Clothing,626,https://images2.productserve.com/?w=200&h=200&bg=white&trim=5&t=letterbox&url=ssl%3Awww.dv8fashion.com%2FImages%2FModels%2FFull%2F36300.jpg&feedId=102766&k=02cd94938522e3e50a3b7652e6b1549cadcc7622,GBP,,3.95,https://www.dv8fashion.com/en/Capo-International-Hoodie---Navy/m-36300.aspx?PartnerID=4730&utm_source=affiliate&utm_medium=affiliatewindow&utm_campaign=UnitedKingdom,,,GBP64.99,102766,Capo,1,,https://www.dv8fashion.com/Images/Models/Full/36300-1.jpg,https://www.dv8fashion.com/Images/Models/Full/36300-2.jpg,,https://www.dv8fashion.com/Images/Models/Full/36300-3.jpg,Mens,Jumpers & Knits
https://www.awin1.com/pclick.php?p=43493803020&a=2771700&m=116329,Capo International Hoodie - Navy - XS,43493803020,266554AWUK,https://www.dv8fashion.com/Images/Models/Full/36300.jpg,"Capo International Hoodie is designed to be the perfect everyday piece combining practicality, comfort and style. Our obsession with the fitting and quality of materials used has resulted in a fitted yet comfortable fit      Slightly relaxed fit hoodie with dropped shoulder     CAPO International branding front chest &amp; back     Ribbed cuffs and hem     Kangaroo front pocket Product Code: P-85385-12--",Hooded Sweatshirts,64.99,DV8 Fashion,116329,General Clothing,626,https://images2.productserve.com/?w=200&h=200&bg=white&trim=5&t=letterbox&url=ssl%3Awww.dv8fashion.com%2FImages%2FModels%2FFull%2F36300.jpg&feedId=102766&k=02cd94938522e3e50a3b7652e6b1549cadcc7622,GBP,,3.95,https://www.dv8fashion.com/en/Capo-International-Hoodie---Navy/m-36300.aspx?PartnerID=4730&utm_source=affiliate&utm_medium=affiliatewindow&utm_campaign=UnitedKingdom,,,GBP64.99,102766,Capo,1,,https://www.dv8fashion.com/Images/Models/Full/36300-1.jpg,https://www.dv8fashion.com/Images/Models/Full/36300-2.jpg,,https://www.dv8fashion.com/Images/Models/Full/36300-3.jpg,Mens,Jumpers & Knits
https://www.awin1.com/pclick.php?p=43493803019&a=2771700&m=116329,Capo International Hoodie - Navy - XL,43493803019,266553AWUK,https://www.dv8fashion.com/Images/Models/Full/36300.jpg,"Capo International Hoodie is designed to be the perfect everyday piece combining practicality, comfort and style. Our obsession with the fitting and quality of materials used has resulted in a fitted yet comfortable fit      Slightly relaxed fit hoodie with dropped shoulder     CAPO International branding front chest &amp; back     Ribbed cuffs and hem     Kangaroo front pocket Product Code: P-85385-12--",Hooded Sweatshirts,64.99,DV8 Fashion,116329,General Clothing,626,https://images2.productserve.com/?w=200&h=200&bg=white&trim=5&t=letterbox&url=ssl%3Awww.dv8fashion.com%2FImages%2FModels%2FFull%2F36300.jpg&feedId=102766&k=02cd94938522e3e50a3b7652e6b1549cadcc7622,GBP,,3.95,https://www.dv8fashion.com/en/Capo-International-Hoodie---Navy/m-36300.aspx?PartnerID=4730&utm_source=affiliate&utm_medium=affiliatewindow&utm_campaign=UnitedKingdom,,,GBP64.99,102766,Capo,1,,https://www.dv8fashion.com/Images/Models/Full/36300-1.jpg,https://www.dv8fashion.com/Images/Models/Full/36300-2.jpg,,https://www.dv8fashion.com/Images/Models/Full/36300-3.jpg,Mens,Jumpers & Knits
https://www.awin1.com/pclick.php?p=43523982853&a=2771700&m=116329,Capo Smart Trouser - Oatmeal - M,43523982853,266726AWUK,https://www.dv8fashion.com/Images/Models/Full/36315.jpg,"The Capo SMART Trouser has been crafted to provide the ultimate premium smart look for any occasion. Combining premium materials, aesthetic fitting and maximum comfort. These can be paired with endless items!      Slim Aesthetic Fitting     Elasticated Waistband Product Code: P-85398-34--",Plain Trousers,54.99,DV8 Fashion,116329,General Clothing,626,https://images2.productserve.com/?w=200&h=200&bg=white&trim=5&t=letterbox&url=ssl%3Awww.dv8fashion.com%2FImages%2FModels%2FFull%2F36315.jpg&feedId=102766&k=8d9fa321ce501a47e6cae342da4f44fc72cecb80,GBP,,3.95,https://www.dv8fashion.com/en/Capo-Smart-Trouser---Oatmeal/m-36315.aspx?PartnerID=4730&utm_source=affiliate&utm_medium=affiliatewindow&utm_campaign=UnitedKingdom,,,GBP54.99,102766,Capo,1,,https://www.dv8fashion.com/Images/Models/Full/36315-1.jpg,https://www.dv8fashion.com/Images/Models/Full/36315-2.jpg,,https://www.dv8fashion.com/Images/Models/Full/36315-3.jpg,Mens,Trousers & Legwear
https://www.awin1.com/pclick.php?p=43523982852&a=2771700&m=116329,Capo Smart Trouser - Oatmeal - L,43523982852,266725AWUK,https://www.dv8fashion.com/Images/Models/Full/36315.jpg,"The Capo SMART Trouser has been crafted to provide the ultimate premium smart look for any occasion. Combining premium materials, aesthetic fitting and maximum comfort. These can be paired with endless items!      Slim Aesthetic Fitting     Elasticated Waistband Product Code: P-85398-34--",Plain Trousers,54.99,DV8 Fashion,116329,General Clothing,626,https://images2.productserve.com/?w=200&h=200&bg=white&trim=5&t=letterbox&url=ssl%3Awww.dv8fashion.com%2FImages%2FModels%2FFull%2F36315.jpg&feedId=102766&k=8d9fa321ce501a47e6cae342da4f44fc72cecb80,GBP,,3.95,https://www.dv8fashion.com/en/Capo-Smart-Trouser---Oatmeal/m-36315.aspx?PartnerID=4730&utm_source=affiliate&utm_medium=affiliatewindow&utm_campaign=UnitedKingdom,,,GBP54.99,102766,Capo,1,,https://www.dv8fashion.com/Images/Models/Full/36315-1.jpg,https://www.dv8fashion.com/Images/Models/Full/36315-2.jpg,,https://www.dv8fashion.com/Images/Models/Full/36315-3.jpg,Mens,Trousers & Legwear
https://www.awin1.com/pclick.php?p=43523982854&a=2771700&m=116329,Capo Smart Trouser - Oatmeal - S,43523982854,266727AWUK,https://www.dv8fashion.com/Images/Models/Full/36315.jpg,"The Capo SMART Trouser has been crafted to provide the ultimate premium smart look for any occasion. Combining premium materials, aesthetic fitting and maximum comfort. These can be paired with endless items!      Slim Aesthetic Fitting     Elasticated Waistband Product Code: P-85398-34--",Plain Trousers,54.99,DV8 Fashion,116329,General Clothing,626,https://images2.productserve.com/?w=200&h=200&bg=white&trim=5&t=letterbox&url=ssl%3Awww.dv8fashion.com%2FImages%2FModels%2FFull%2F36315.jpg&feedId=102766&k=8d9fa321ce501a47e6cae342da4f44fc72cecb80,GBP,,3.95,https://www.dv8fashion.com/en/Capo-Smart-Trouser---Oatmeal/m-36315.aspx?PartnerID=4730&utm_source=affiliate&utm_medium=affiliatewindow&utm_campaign=UnitedKingdom,,,GBP54.99,102766,Capo,1,,https://www.dv8fashion.com/Images/Models/Full/36315-1.jpg,https://www.dv8fashion.com/Images/Models/Full/36315-2.jpg,,https://www.dv8fashion.com/Images/Models/Full/36315-3.jpg,Mens,Trousers & Legwear
https://www.awin1.com/pclick.php?p=43523982855&a=2771700&m=116329,Capo Smart Trouser - Oatmeal - XL,43523982855,266728AWUK,https://www.dv8fashion.com/Images/Models/Full/36315.jpg,"The Capo SMART Trouser has been crafted to provide the ultimate premium smart look for any occasion. Combining premium materials, aesthetic fitting and maximum comfort. These can be paired with endless items!      Slim Aesthetic Fitting     Elasticated Waistband Product Code: P-85398-34--",Plain Trousers,54.99,DV8 Fashion,116329,General Clothing,626,https://images2.productserve.com/?w=200&h=200&bg=white&trim=5&t=letterbox&url=ssl%3Awww.dv8fashion.com%2FImages%2FModels%2FFull%2F36315.jpg&feedId=102766&k=8d9fa321ce501a47e6cae342da4f44fc72cecb80,GBP,,3.95,https://www.dv8fashion.com/en/Capo-Smart-Trouser---Oatmeal/m-36315.aspx?PartnerID=4730&utm_source=affiliate&utm_medium=affiliatewindow&utm_campaign=UnitedKingdom,,,GBP54.99,102766,Capo,1,,https://www.dv8fashion.com/Images/Models/Full/36315-1.jpg,https://www.dv8fashion.com/Images/Models/Full/36315-2.jpg,,https://www.dv8fashion.com/Images/Models/Full/36315-3.jpg,Mens,Trousers & Legwear
https://www.awin1.com/pclick.php?p=43523982856&a=2771700&m=116329,Capo Smart Trouser - Oatmeal - XS,43523982856,266729AWUK,https://www.dv8fashion.com/Images/Models/Full/36315.jpg,"The Capo SMART Trouser has been crafted to provide the ultimate premium smart look for any occasion. Combining premium materials, aesthetic fitting and maximum comfort. These can be paired with endless items!      Slim Aesthetic Fitting     Elasticated Waistband Product Code: P-85398-34--",Plain Trousers,54.99,DV8 Fashion,116329,General Clothing,626,https://images2.productserve.com/?w=200&h=200&bg=white&trim=5&t=letterbox&url=ssl%3Awww.dv8fashion.com%2FImages%2FModels%2FFull%2F36315.jpg&feedId=102766&k=8d9fa321ce501a47e6cae342da4f44fc72cecb80,GBP,,3.95,https://www.dv8fashion.com/en/Capo-Smart-Trouser---Oatmeal/m-36315.aspx?PartnerID=4730&utm_source=affiliate&utm_medium=affiliatewindow&utm_campaign=UnitedKingdom,,,GBP54.99,102766,Capo,1,,https://www.dv8fashion.com/Images/Models/Full/36315-1.jpg,https://www.dv8fashion.com/Images/Models/Full/36315-2.jpg,,https://www.dv8fashion.com/Images/Models/Full/36315-3.jpg,Mens,Trousers & Legwear
https://www.awin1.com/pclick.php?p=43185071100&a=2771700&m=116329,Capo Suede Jacket - Brown - L,43185071100,262949AWUK,https://www.dv8fashion.com/Images/Models/Full/35970.jpg,"The Capo SUEDE Jacket is the premium piece to impress, featuring front chest pockets, collar and front zip. The jacket has been crafted for the perfect fit, our obsession with the fitting and quality of materials has resulted in the perfect athletic fit and ultimate comfort      Slim Aesthetic Fitting     Front Chest Pockets     Premium Front Zip     Premium Suede Fabric Product Code: P-84983-27--",Jackets,59.99,DV8 Fashion,116329,General Clothing,626,https://images2.productserve.com/?w=200&h=200&bg=white&trim=5&t=letterbox&url=ssl%3Awww.dv8fashion.com%2FImages%2FModels%2FFull%2F35970.jpg&feedId=102766&k=4e8f5270c5c8d93ebb35ec833aeaba0554679e6e,GBP,,3.95,https://www.dv8fashion.com/en/Capo-Suede-Jacket---Brown/m-35970.aspx?PartnerID=4730&utm_source=affiliate&utm_medium=affiliatewindow&utm_campaign=UnitedKingdom,,,GBP59.99,102766,Capo,1,,https://www.dv8fashion.com/Images/Models/Full/35970-1.jpg,https://www.dv8fashion.com/Images/Models/Full/35970-2.jpg,,https://www.dv8fashion.com/Images/Models/Full/35970-3.jpg,Mens,Coats & Jackets
https://www.awin1.com/pclick.php?p=43185071101&a=2771700&m=116329,Capo Suede Jacket - Brown - M,43185071101,262950AWUK,https://www.dv8fashion.com/Images/Models/Full/35970.jpg,"The Capo SUEDE Jacket is the premium piece to impress, featuring front chest pockets, collar and front zip. The jacket has been crafted for the perfect fit, our obsession with the fitting and quality of materials has resulted in the perfect athletic fit and ultimate comfort      Slim Aesthetic Fitting     Front Chest Pockets     Premium Front Zip     Premium Suede Fabric Product Code: P-84983-27--",Jackets,59.99,DV8 Fashion,116329,General Clothing,626,https://images2.productserve.com/?w=200&h=200&bg=white&trim=5&t=letterbox&url=ssl%3Awww.dv8fashion.com%2FImages%2FModels%2FFull%2F35970.jpg&feedId=102766&k=4e8f5270c5c8d93ebb35ec833aeaba0554679e6e,GBP,,3.95,https://www.dv8fashion.com/en/Capo-Suede-Jacket---Brown/m-35970.aspx?PartnerID=4730&utm_source=affiliate&utm_medium=affiliatewindow&utm_campaign=UnitedKingdom,,,GBP59.99,102766,Capo,1,,https://www.dv8fashion.com/Images/Models/Full/35970-1.jpg,https://www.dv8fashion.com/Images/Models/Full/35970-2.jpg,,https://www.dv8fashion.com/Images/Models/Full/35970-3.jpg,Mens,Coats & Jackets
https://www.awin1.com/pclick.php?p=43185071102&a=2771700&m=116329,Capo Suede Jacket - Brown - S,43185071102,262951AWUK,https://www.dv8fashion.com/Images/Models/Full/35970.jpg,"The Capo SUEDE Jacket is the premium piece to impress, featuring front chest pockets, collar and front zip. The jacket has been crafted for the perfect fit, our obsession with the fitting and quality of materials has resulted in the perfect athletic fit and ultimate comfort      Slim Aesthetic Fitting     Front Chest Pockets     Premium Front Zip     Premium Suede Fabric Product Code: P-84983-27--",Jackets,59.99,DV8 Fashion,116329,General Clothing,626,https://images2.productserve.com/?w=200&h=200&bg=white&trim=5&t=letterbox&url=ssl%3Awww.dv8fashion.com%2FImages%2FModels%2FFull%2F35970.jpg&feedId=102766&k=4e8f5270c5c8d93ebb35ec833aeaba0554679e6e,GBP,,3.95,https://www.dv8fashion.com/en/Capo-Suede-Jacket---Brown/m-35970.aspx?PartnerID=4730&utm_source=affiliate&utm_medium=affiliatewindow&utm_campaign=UnitedKingdom,,,GBP59.99,102766,Capo,1,,https://www.dv8fashion.com/Images/Models/Full/35970-1.jpg,https://www.dv8fashion.com/Images/Models/Full/35970-2.jpg,,https://www.dv8fashion.com/Images/Models/Full/35970-3.jpg,Mens,Coats & Jackets
https://www.awin1.com/pclick.php?p=43185071103&a=2771700&m=116329,Capo Suede Jacket - Brown - XL,43185071103,262952AWUK,https://www.dv8fashion.com/Images/Models/Full/35970.jpg,"The Capo SUEDE Jacket is the premium piece to impress, featuring front chest pockets, collar and front zip. The jacket has been crafted for the perfect fit, our obsession with the fitting and quality of materials has resulted in the perfect athletic fit and ultimate comfort      Slim Aesthetic Fitting     Front Chest Pockets     Premium Front Zip     Premium Suede Fabric Product Code: P-84983-27--",Jackets,59.99,DV8 Fashion,116329,General Clothing,626,https://images2.productserve.com/?w=200&h=200&bg=white&trim=5&t=letterbox&url=ssl%3Awww.dv8fashion.com%2FImages%2FModels%2FFull%2F35970.jpg&feedId=102766&k=4e8f5270c5c8d93ebb35ec833aeaba0554679e6e,GBP,,3.95,https://www.dv8fashion.com/en/Capo-Suede-Jacket---Brown/m-35970.aspx?PartnerID=4730&utm_source=affiliate&utm_medium=affiliatewindow&utm_campaign=UnitedKingdom,,,GBP59.99,102766,Capo,1,,https://www.dv8fashion.com/Images/Models/Full/35970-1.jpg,https://www.dv8fashion.com/Images/Models/Full/35970-2.jpg,,https://www.dv8fashion.com/Images/Models/Full/35970-3.jpg,Mens,Coats & Jackets
https://www.awin1.com/pclick.php?p=43185071104&a=2771700&m=116329,Capo Suede Jacket - Brown - XS,43185071104,262953AWUK,https://www.dv8fashion.com/Images/Models/Full/35970.jpg,"The Capo SUEDE Jacket is the premium piece to impress, featuring front chest pockets, collar and front zip. The jacket has been crafted for the perfect fit, our obsession with the fitting and quality of materials has resulted in the perfect athletic fit and ultimate comfort      Slim Aesthetic Fitting     Front Chest Pockets     Premium Front Zip     Premium Suede Fabric Product Code: P-84983-27--",Jackets,59.99,DV8 Fashion,116329,General Clothing,626,https://images2.productserve.com/?w=200&h=200&bg=white&trim=5&t=letterbox&url=ssl%3Awww.dv8fashion.com%2FImages%2FModels%2FFull%2F35970.jpg&feedId=102766&k=4e8f5270c5c8d93ebb35ec833aeaba0554679e6e,GBP,,3.95,https://www.dv8fashion.com/en/Capo-Suede-Jacket---Brown/m-35970.aspx?PartnerID=4730&utm_source=affiliate&utm_medium=affiliatewindow&utm_campaign=UnitedKingdom,,,GBP59.99,102766,Capo,1,,https://www.dv8fashion.com/Images/Models/Full/35970-1.jpg,https://www.dv8fashion.com/Images/Models/Full/35970-2.jpg,,https://www.dv8fashion.com/Images/Models/Full/35970-3.jpg,Mens,Coats & Jackets
https://www.awin1.com/pclick.php?p=42937157169&a=2771700&m=116329,Weekend Vibes Long Padded Coat - Black - L,42937157169,260291AWUK,https://www.dv8fashion.com/Images/Models/Full/35699.jpg,Upgrade your wardrobe with outerwear for any season and occasion and top off any look      Product Type: Jacket     Neck: Hood w. String Regulation     Closing: Zip fastening     Pockets: Side pockets     Length/Size: Long     Lining: Polyester lining for a comfortable feel     Padding: Padded with premium synthetic padding Product Code: P-81679-10--,Coats,64.99,DV8 Fashion,116329,General Clothing,626,https://images2.productserve.com/?w=200&h=200&bg=white&trim=5&t=letterbox&url=ssl%3Awww.dv8fashion.com%2FImages%2FModels%2FFull%2F35699.jpg&feedId=102766&k=0955894555312fae3a5c3c77f5186ef7b2367e2d,GBP,,3.95,https://www.dv8fashion.com/en/Weekend-Vibes-Long-Padded-Coat---Black/m-35699.aspx?PartnerID=4730&utm_source=affiliate&utm_medium=affiliatewindow&utm_campaign=UnitedKingdom,,,GBP64.99,102766,Weekend Vibes,1,,https://www.dv8fashion.com/Images/Models/Full/35699-1.jpg,https://www.dv8fashion.com/Images/Models/Full/35699-2.jpg,,https://www.dv8fashion.com/Images/Models/Full/35699-3.jpg,Womens,Coats & Jackets
https://www.awin1.com/pclick.php?p=42937157170&a=2771700&m=116329,Weekend Vibes Long Padded Coat - Black - M,42937157170,260292AWUK,https://www.dv8fashion.com/Images/Models/Full/35699.jpg,Upgrade your wardrobe with outerwear for any season and occasion and top off any look      Product Type: Jacket     Neck: Hood w. String Regulation     Closing: Zip fastening     Pockets: Side pockets     Length/Size: Long     Lining: Polyester lining for a comfortable feel     Padding: Padded with premium synthetic padding Product Code: P-81679-10--,Coats,64.99,DV8 Fashion,116329,General Clothing,626,https://images2.productserve.com/?w=200&h=200&bg=white&trim=5&t=letterbox&url=ssl%3Awww.dv8fashion.com%2FImages%2FModels%2FFull%2F35699.jpg&feedId=102766&k=0955894555312fae3a5c3c77f5186ef7b2367e2d,GBP,,3.95,https://www.dv8fashion.com/en/Weekend-Vibes-Long-Padded-Coat---Black/m-35699.aspx?PartnerID=4730&utm_source=affiliate&utm_medium=affiliatewindow&utm_campaign=UnitedKingdom,,,GBP64.99,102766,Weekend Vibes,1,,https://www.dv8fashion.com/Images/Models/Full/35699-1.jpg,https://www.dv8fashion.com/Images/Models/Full/35699-2.jpg,,https://www.dv8fashion.com/Images/Models/Full/35699-3.jpg,Womens,Coats & Jackets
https://www.awin1.com/pclick.php?p=42937157171&a=2771700&m=116329,Weekend Vibes Long Padded Coat - Black - S,42937157171,260293AWUK,https://www.dv8fashion.com/Images/Models/Full/35699.jpg,Upgrade your wardrobe with outerwear for any season and occasion and top off any look      Product Type: Jacket     Neck: Hood w. String Regulation     Closing: Zip fastening     Pockets: Side pockets     Length/Size: Long     Lining: Polyester lining for a comfortable feel     Padding: Padded with premium synthetic padding Product Code: P-81679-10--,Coats,64.99,DV8 Fashion,116329,General Clothing,626,https://images2.productserve.com/?w=200&h=200&bg=white&trim=5&t=letterbox&url=ssl%3Awww.dv8fashion.com%2FImages%2FModels%2FFull%2F35699.jpg&feedId=102766&k=0955894555312fae3a5c3c77f5186ef7b2367e2d,GBP,,3.95,https://www.dv8fashion.com/en/Weekend-Vibes-Long-Padded-Coat---Black/m-35699.aspx?PartnerID=4730&utm_source=affiliate&utm_medium=affiliatewindow&utm_campaign=UnitedKingdom,,,GBP64.99,102766,Weekend Vibes,1,,https://www.dv8fashion.com/Images/Models/Full/35699-1.jpg,https://www.dv8fashion.com/Images/Models/Full/35699-2.jpg,,https://www.dv8fashion.com/Images/Models/Full/35699-3.jpg,Womens,Coats & Jackets
https://www.awin1.com/pclick.php?p=42937157172&a=2771700&m=116329,Weekend Vibes Long Padded Coat - Black - XL,42937157172,260294AWUK,https://www.dv8fashion.com/Images/Models/Full/35699.jpg,Upgrade your wardrobe with outerwear for any season and occasion and top off any look      Product Type: Jacket     Neck: Hood w. String Regulation     Closing: Zip fastening     Pockets: Side pockets     Length/Size: Long     Lining: Polyester lining for a comfortable feel     Padding: Padded with premium synthetic padding Product Code: P-81679-10--,Coats,64.99,DV8 Fashion,116329,General Clothing,626,https://images2.productserve.com/?w=200&h=200&bg=white&trim=5&t=letterbox&url=ssl%3Awww.dv8fashion.com%2FImages%2FModels%2FFull%2F35699.jpg&feedId=102766&k=0955894555312fae3a5c3c77f5186ef7b2367e2d,GBP,,3.95,https://www.dv8fashion.com/en/Weekend-Vibes-Long-Padded-Coat---Black/m-35699.aspx?PartnerID=4730&utm_source=affiliate&utm_medium=affiliatewindow&utm_campaign=UnitedKingdom,,,GBP64.99,102766,Weekend Vibes,1,,https://www.dv8fashion.com/Images/Models/Full/35699-1.jpg,https://www.dv8fashion.com/Images/Models/Full/35699-2.jpg,,https://www.dv8fashion.com/Images/Models/Full/35699-3.jpg,Womens,Coats & Jackets
https://www.awin1.com/pclick.php?p=42937157173&a=2771700&m=116329,Weekend Vibes Long Padded Coat - Black - XS,42937157173,260295AWUK,https://www.dv8fashion.com/Images/Models/Full/35699.jpg,Upgrade your wardrobe with outerwear for any season and occasion and top off any look      Product Type: Jacket     Neck: Hood w. String Regulation     Closing: Zip fastening     Pockets: Side pockets     Length/Size: Long     Lining: Polyester lining for a comfortable feel     Padding: Padded with premium synthetic padding Product Code: P-81679-10--,Coats,64.99,DV8 Fashion,116329,General Clothing,626,https://images2.productserve.com/?w=200&h=200&bg=white&trim=5&t=letterbox&url=ssl%3Awww.dv8fashion.com%2FImages%2FModels%2FFull%2F35699.jpg&feedId=102766&k=0955894555312fae3a5c3c77f5186ef7b2367e2d,GBP,,3.95,https://www.dv8fashion.com/en/Weekend-Vibes-Long-Padded-Coat---Black/m-35699.aspx?PartnerID=4730&utm_source=affiliate&utm_medium=affiliatewindow&utm_campaign=UnitedKingdom,,,GBP64.99,102766,Weekend Vibes,1,,https://www.dv8fashion.com/Images/Models/Full/35699-1.jpg,https://www.dv8fashion.com/Images/Models/Full/35699-2.jpg,,https://www.dv8fashion.com/Images/Models/Full/35699-3.jpg,Womens,Coats & Jackets
https://www.awin1.com/pclick.php?p=43294396434&a=2771700&m=116329,Juicy Couture Diamant�� Jogger - Black Velour - 2XS,43294396434,231790AWUK,https://www.dv8fashion.com/Images/Models/Full/33067.jpg,"Straight leg diamant&eacute; embellished tracksuit bottoms in black classic velour. Mid-rise fit, with adjustable drawstring waist and pin tucks through front leg. These bottoms feature zip pockets, statement diamant&eacute; branding on the back and silver branded hardware. Pair with the matching track top for a full iconic Juicy Couture tracksuit.      Colours: BLACK     Fit: SLIM FIT, STRAIGHT LEG, MID RISE Product Code: P-80333-10--",Open Hem Joggers,74.99,DV8 Fashion,116329,General Clothing,626,https://images2.productserve.com/?w=200&h=200&bg=white&trim=5&t=letterbox&url=ssl%3Awww.dv8fashion.com%2FImages%2FModels%2FFull%2F33067.jpg&feedId=102766&k=f29cb6198e9cefa33e1cef62d849bfded85e057d,GBP,,3.95,https://www.dv8fashion.com/en/Juicy-Couture-Diamant��-Jogger---Black-Velour/m-33067.aspx?PartnerID=4730&utm_source=affiliate&utm_medium=affiliatewindow&utm_campaign=UnitedKingdom,,,GBP74.99,102766,Juicy Couture,1,,https://www.dv8fashion.com/Images/Models/Full/33067-1.jpg,https://www.dv8fashion.com/Images/Models/Full/33067-2.jpg,,https://www.dv8fashion.com/Images/Models/Full/33067-3.jpg,Womens,Trousers & Legwear
https://www.awin1.com/pclick.php?p=41466287134&a=2771700&m=116329,Juicy Couture Diamant�� Jogger - Black Velour - L,41466287134,231795AWUK,https://www.dv8fashion.com/Images/Models/Full/33067.jpg,"Straight leg diamant&eacute; embellished tracksuit bottoms in black classic velour. Mid-rise fit, with adjustable drawstring waist and pin tucks through front leg. These bottoms feature zip pockets, statement diamant&eacute; branding on the back and silver branded hardware. Pair with the matching track top for a full iconic Juicy Couture tracksuit.      Colours: BLACK     Fit: SLIM FIT, STRAIGHT LEG, MID RISE Product Code: P-80333-10--",Open Hem Joggers,74.99,DV8 Fashion,116329,General Clothing,626,https://images2.productserve.com/?w=200&h=200&bg=white&trim=5&t=letterbox&url=ssl%3Awww.dv8fashion.com%2FImages%2FModels%2FFull%2F33067.jpg&feedId=102766&k=f29cb6198e9cefa33e1cef62d849bfded85e057d,GBP,,3.95,https://www.dv8fashion.com/en/Juicy-Couture-Diamant��-Jogger---Black-Velour/m-33067.aspx?PartnerID=4730&utm_source=affiliate&utm_medium=affiliatewindow&utm_campaign=UnitedKingdom,,,GBP74.99,102766,Juicy Couture,1,,https://www.dv8fashion.com/Images/Models/Full/33067-1.jpg,https://www.dv8fashion.com/Images/Models/Full/33067-2.jpg,,https://www.dv8fashion.com/Images/Models/Full/33067-3.jpg,Womens,Trousers & Legwear
https://www.awin1.com/pclick.php?p=41466287135&a=2771700&m=116329,Juicy Couture Diamant�� Jogger - Black Velour - M,41466287135,231796AWUK,https://www.dv8fashion.com/Images/Models/Full/33067.jpg,"Straight leg diamant&eacute; embellished tracksuit bottoms in black classic velour. Mid-rise fit, with adjustable drawstring waist and pin tucks through front leg. These bottoms feature zip pockets, statement diamant&eacute; branding on the back and silver branded hardware. Pair with the matching track top for a full iconic Juicy Couture tracksuit.      Colours: BLACK     Fit: SLIM FIT, STRAIGHT LEG, MID RISE Product Code: P-80333-10--",Open Hem Joggers,74.99,DV8 Fashion,116329,General Clothing,626,https://images2.productserve.com/?w=200&h=200&bg=white&trim=5&t=letterbox&url=ssl%3Awww.dv8fashion.com%2FImages%2FModels%2FFull%2F33067.jpg&feedId=102766&k=f29cb6198e9cefa33e1cef62d849bfded85e057d,GBP,,3.95,https://www.dv8fashion.com/en/Juicy-Couture-Diamant��-Jogger---Black-Velour/m-33067.aspx?PartnerID=4730&utm_source=affiliate&utm_medium=affiliatewindow&utm_campaign=UnitedKingdom,,,GBP74.99,102766,Juicy Couture,1,,https://www.dv8fashion.com/Images/Models/Full/33067-1.jpg,https://www.dv8fashion.com/Images/Models/Full/33067-2.jpg,,https://www.dv8fashion.com/Images/Models/Full/33067-3.jpg,Womens,Trousers & Legwear
https://www.awin1.com/pclick.php?p=41466287136&a=2771700&m=116329,Juicy Couture Diamant�� Jogger - Black Velour - S,41466287136,231797AWUK,https://www.dv8fashion.com/Images/Models/Full/33067.jpg,"Straight leg diamant&eacute; embellished tracksuit bottoms in black classic velour. Mid-rise fit, with adjustable drawstring waist and pin tucks through front leg. These bottoms feature zip pockets, statement diamant&eacute; branding on the back and silver branded hardware. Pair with the matching track top for a full iconic Juicy Couture tracksuit.      Colours: BLACK     Fit: SLIM FIT, STRAIGHT LEG, MID RISE Product Code: P-80333-10--",Open Hem Joggers,74.99,DV8 Fashion,116329,General Clothing,626,https://images2.productserve.com/?w=200&h=200&bg=white&trim=5&t=letterbox&url=ssl%3Awww.dv8fashion.com%2FImages%2FModels%2FFull%2F33067.jpg&feedId=102766&k=f29cb6198e9cefa33e1cef62d849bfded85e057d,GBP,,3.95,https://www.dv8fashion.com/en/Juicy-Couture-Diamant��-Jogger---Black-Velour/m-33067.aspx?PartnerID=4730&utm_source=affiliate&utm_medium=affiliatewindow&utm_campaign=UnitedKingdom,,,GBP74.99,102766,Juicy Couture,1,,https://www.dv8fashion.com/Images/Models/Full/33067-1.jpg,https://www.dv8fashion.com/Images/Models/Full/33067-2.jpg,,https://www.dv8fashion.com/Images/Models/Full/33067-3.jpg,Womens,Trousers & Legwear
https://www.awin1.com/pclick.php?p=43294396435&a=2771700&m=116329,Juicy Couture Diamant�� Jogger - Black Velour - XL,43294396435,231798AWUK,https://www.dv8fashion.com/Images/Models/Full/33067.jpg,"Straight leg diamant&eacute; embellished tracksuit bottoms in black classic velour. Mid-rise fit, with adjustable drawstring waist and pin tucks through front leg. These bottoms feature zip pockets, statement diamant&eacute; branding on the back and silver branded hardware. Pair with the matching track top for a full iconic Juicy Couture tracksuit.      Colours: BLACK     Fit: SLIM FIT, STRAIGHT LEG, MID RISE Product Code: P-80333-10--",Open Hem Joggers,74.99,DV8 Fashion,116329,General Clothing,626,https://images2.productserve.com/?w=200&h=200&bg=white&trim=5&t=letterbox&url=ssl%3Awww.dv8fashion.com%2FImages%2FModels%2FFull%2F33067.jpg&feedId=102766&k=f29cb6198e9cefa33e1cef62d849bfded85e057d,GBP,,3.95,https://www.dv8fashion.com/en/Juicy-Couture-Diamant��-Jogger---Black-Velour/m-33067.aspx?PartnerID=4730&utm_source=affiliate&utm_medium=affiliatewindow&utm_campaign=UnitedKingdom,,,GBP74.99,102766,Juicy Couture,1,,https://www.dv8fashion.com/Images/Models/Full/33067-1.jpg,https://www.dv8fashion.com/Images/Models/Full/33067-2.jpg,,https://www.dv8fashion.com/Images/Models/Full/33067-3.jpg,Womens,Trousers & Legwear
https://www.awin1.com/pclick.php?p=43294396438&a=2771700&m=116329,Juicy Couture Diamant�� Hoodie - Black Velour - 2XS,43294396438,231801AWUK,https://www.dv8fashion.com/Images/Models/Full/33068.jpg,"Diamant&eacute; embellished hoodie in black classic velour. Slim fit zip-through style with a hood, front pockets, and a statement crystal diamant&eacute; logo branding on the back. This hoodie is finished with a silver gothic J zip pull. Pair with the matching bottoms for a full iconic Juicy Couture tracksuit.      Colours: BLACK     Fit: SLIM FIT, RAGLAN SLEEVE, LONG SLEEVE, HOODED, ZIP FRONT Product Code: P-80334-10--",Zip Sweatshirts,84.99,DV8 Fashion,116329,General Clothing,626,https://images2.productserve.com/?w=200&h=200&bg=white&trim=5&t=letterbox&url=ssl%3Awww.dv8fashion.com%2FImages%2FModels%2FFull%2F33068.jpg&feedId=102766&k=d94393a516d7d6e2d9ede66cf1f3f849a2cf6ff2,GBP,,3.95,https://www.dv8fashion.com/en/Juicy-Couture-Diamant��-Hoodie---Black-Velour/m-33068.aspx?PartnerID=4730&utm_source=affiliate&utm_medium=affiliatewindow&utm_campaign=UnitedKingdom,,,GBP84.99,102766,Juicy Couture,1,,https://www.dv8fashion.com/Images/Models/Full/33068-1.jpg,https://www.dv8fashion.com/Images/Models/Full/33068-2.jpg,,https://www.dv8fashion.com/Images/Models/Full/33068-3.jpg,Womens,Jumpers & Knits
https://www.awin1.com/pclick.php?p=41466287138&a=2771700&m=116329,Juicy Couture Diamant�� Jogger - Black Velour - XS,41466287138,231799AWUK,https://www.dv8fashion.com/Images/Models/Full/33067.jpg,"Straight leg diamant&eacute; embellished tracksuit bottoms in black classic velour. Mid-rise fit, with adjustable drawstring waist and pin tucks through front leg. These bottoms feature zip pockets, statement diamant&eacute; branding on the back and silver branded hardware. Pair with the matching track top for a full iconic Juicy Couture tracksuit.      Colours: BLACK     Fit: SLIM FIT, STRAIGHT LEG, MID RISE Product Code: P-80333-10--",Open Hem Joggers,74.99,DV8 Fashion,116329,General Clothing,626,https://images2.productserve.com/?w=200&h=200&bg=white&trim=5&t=letterbox&url=ssl%3Awww.dv8fashion.com%2FImages%2FModels%2FFull%2F33067.jpg&feedId=102766&k=f29cb6198e9cefa33e1cef62d849bfded85e057d,GBP,,3.95,https://www.dv8fashion.com/en/Juicy-Couture-Diamant��-Jogger---Black-Velour/m-33067.aspx?PartnerID=4730&utm_source=affiliate&utm_medium=affiliatewindow&utm_campaign=UnitedKingdom,,,GBP74.99,102766,Juicy Couture,1,,https://www.dv8fashion.com/Images/Models/Full/33067-1.jpg,https://www.dv8fashion.com/Images/Models/Full/33067-2.jpg,,https://www.dv8fashion.com/Images/Models/Full/33067-3.jpg,Womens,Trousers & Legwear
https://www.awin1.com/pclick.php?p=41466287142&a=2771700&m=116329,Juicy Couture Diamant�� Hoodie - Black Velour - XL,41466287142,231809AWUK,https://www.dv8fashion.com/Images/Models/Full/33068.jpg,"Diamant&eacute; embellished hoodie in black classic velour. Slim fit zip-through style with a hood, front pockets, and a statement crystal diamant&eacute; logo branding on the back. This hoodie is finished with a silver gothic J zip pull. Pair with the matching bottoms for a full iconic Juicy Couture tracksuit.      Colours: BLACK     Fit: SLIM FIT, RAGLAN SLEEVE, LONG SLEEVE, HOODED, ZIP FRONT Product Code: P-80334-10--",Zip Sweatshirts,84.99,DV8 Fashion,116329,General Clothing,626,https://images2.productserve.com/?w=200&h=200&bg=white&trim=5&t=letterbox&url=ssl%3Awww.dv8fashion.com%2FImages%2FModels%2FFull%2F33068.jpg&feedId=102766&k=d94393a516d7d6e2d9ede66cf1f3f849a2cf6ff2,GBP,,3.95,https://www.dv8fashion.com/en/Juicy-Couture-Diamant��-Hoodie---Black-Velour/m-33068.aspx?PartnerID=4730&utm_source=affiliate&utm_medium=affiliatewindow&utm_campaign=UnitedKingdom,,,GBP84.99,102766,Juicy Couture,1,,https://www.dv8fashion.com/Images/Models/Full/33068-1.jpg,https://www.dv8fashion.com/Images/Models/Full/33068-2.jpg,,https://www.dv8fashion.com/Images/Models/Full/33068-3.jpg,Womens,Jumpers & Knits
https://www.awin1.com/pclick.php?p=41466287139&a=2771700&m=116329,Juicy Couture Diamant�� Hoodie - Black Velour - L,41466287139,231806AWUK,https://www.dv8fashion.com/Images/Models/Full/33068.jpg,"Diamant&eacute; embellished hoodie in black classic velour. Slim fit zip-through style with a hood, front pockets, and a statement crystal diamant&eacute; logo branding on the back. This hoodie is finished with a silver gothic J zip pull. Pair with the matching bottoms for a full iconic Juicy Couture tracksuit.      Colours: BLACK     Fit: SLIM FIT, RAGLAN SLEEVE, LONG SLEEVE, HOODED, ZIP FRONT Product Code: P-80334-10--",Zip Sweatshirts,84.99,DV8 Fashion,116329,General Clothing,626,https://images2.productserve.com/?w=200&h=200&bg=white&trim=5&t=letterbox&url=ssl%3Awww.dv8fashion.com%2FImages%2FModels%2FFull%2F33068.jpg&feedId=102766&k=d94393a516d7d6e2d9ede66cf1f3f849a2cf6ff2,GBP,,3.95,https://www.dv8fashion.com/en/Juicy-Couture-Diamant��-Hoodie---Black-Velour/m-33068.aspx?PartnerID=4730&utm_source=affiliate&utm_medium=affiliatewindow&utm_campaign=UnitedKingdom,,,GBP84.99,102766,Juicy Couture,1,,https://www.dv8fashion.com/Images/Models/Full/33068-1.jpg,https://www.dv8fashion.com/Images/Models/Full/33068-2.jpg,,https://www.dv8fashion.com/Images/Models/Full/33068-3.jpg,Womens,Jumpers & Knits
https://www.awin1.com/pclick.php?p=41466287141&a=2771700&m=116329,Juicy Couture Diamant�� Hoodie - Black Velour - S,41466287141,231808AWUK,https://www.dv8fashion.com/Images/Models/Full/33068.jpg,"Diamant&eacute; embellished hoodie in black classic velour. Slim fit zip-through style with a hood, front pockets, and a statement crystal diamant&eacute; logo branding on the back. This hoodie is finished with a silver gothic J zip pull. Pair with the matching bottoms for a full iconic Juicy Couture tracksuit.      Colours: BLACK     Fit: SLIM FIT, RAGLAN SLEEVE, LONG SLEEVE, HOODED, ZIP FRONT Product Code: P-80334-10--",Zip Sweatshirts,84.99,DV8 Fashion,116329,General Clothing,626,https://images2.productserve.com/?w=200&h=200&bg=white&trim=5&t=letterbox&url=ssl%3Awww.dv8fashion.com%2FImages%2FModels%2FFull%2F33068.jpg&feedId=102766&k=d94393a516d7d6e2d9ede66cf1f3f849a2cf6ff2,GBP,,3.95,https://www.dv8fashion.com/en/Juicy-Couture-Diamant��-Hoodie---Black-Velour/m-33068.aspx?PartnerID=4730&utm_source=affiliate&utm_medium=affiliatewindow&utm_campaign=UnitedKingdom,,,GBP84.99,102766,Juicy Couture,1,,https://www.dv8fashion.com/Images/Models/Full/33068-1.jpg,https://www.dv8fashion.com/Images/Models/Full/33068-2.jpg,,https://www.dv8fashion.com/Images/Models/Full/33068-3.jpg,Womens,Jumpers & Knits
https://www.awin1.com/pclick.php?p=41466287140&a=2771700&m=116329,Juicy Couture Diamant�� Hoodie - Black Velour - M,41466287140,231807AWUK,https://www.dv8fashion.com/Images/Models/Full/33068.jpg,"Diamant&eacute; embellished hoodie in black classic velour. Slim fit zip-through style with a hood, front pockets, and a statement crystal diamant&eacute; logo branding on the back. This hoodie is finished with a silver gothic J zip pull. Pair with the matching bottoms for a full iconic Juicy Couture tracksuit.      Colours: BLACK     Fit: SLIM FIT, RAGLAN SLEEVE, LONG SLEEVE, HOODED, ZIP FRONT Product Code: P-80334-10--",Zip Sweatshirts,84.99,DV8 Fashion,116329,General Clothing,626,https://images2.productserve.com/?w=200&h=200&bg=white&trim=5&t=letterbox&url=ssl%3Awww.dv8fashion.com%2FImages%2FModels%2FFull%2F33068.jpg&feedId=102766&k=d94393a516d7d6e2d9ede66cf1f3f849a2cf6ff2,GBP,,3.95,https://www.dv8fashion.com/en/Juicy-Couture-Diamant��-Hoodie---Black-Velour/m-33068.aspx?PartnerID=4730&utm_source=affiliate&utm_medium=affiliatewindow&utm_campaign=UnitedKingdom,,,GBP84.99,102766,Juicy Couture,1,,https://www.dv8fashion.com/Images/Models/Full/33068-1.jpg,https://www.dv8fashion.com/Images/Models/Full/33068-2.jpg,,https://www.dv8fashion.com/Images/Models/Full/33068-3.jpg,Womens,Jumpers & Knits
https://www.awin1.com/pclick.php?p=43036760033&a=2771700&m=116329,Juicy Couture Diamant�� Hoodie - Black Velour - XS,43036760033,231810AWUK,https://www.dv8fashion.com/Images/Models/Full/33068.jpg,"Diamant&eacute; embellished hoodie in black classic velour. Slim fit zip-through style with a hood, front pockets, and a statement crystal diamant&eacute; logo branding on the back. This hoodie is finished with a silver gothic J zip pull. Pair with the matching bottoms for a full iconic Juicy Couture tracksuit.      Colours: BLACK     Fit: SLIM FIT, RAGLAN SLEEVE, LONG SLEEVE, HOODED, ZIP FRONT Product Code: P-80334-10--",Zip Sweatshirts,84.99,DV8 Fashion,116329,General Clothing,626,https://images2.productserve.com/?w=200&h=200&bg=white&trim=5&t=letterbox&url=ssl%3Awww.dv8fashion.com%2FImages%2FModels%2FFull%2F33068.jpg&feedId=102766&k=d94393a516d7d6e2d9ede66cf1f3f849a2cf6ff2,GBP,,3.95,https://www.dv8fashion.com/en/Juicy-Couture-Diamant��-Hoodie---Black-Velour/m-33068.aspx?PartnerID=4730&utm_source=affiliate&utm_medium=affiliatewindow&utm_campaign=UnitedKingdom,,,GBP84.99,102766,Juicy Couture,1,,https://www.dv8fashion.com/Images/Models/Full/33068-1.jpg,https://www.dv8fashion.com/Images/Models/Full/33068-2.jpg,,https://www.dv8fashion.com/Images/Models/Full/33068-3.jpg,Womens,Jumpers & Knits
https://www.awin1.com/pclick.php?p=41590295116&a=2771700&m=116329,Juicy Couture Velour Diamant�� Hoodie - Juicy Pink - S,41590295116,249968AWUK,https://www.dv8fashion.com/Images/Models/Full/34781.jpg,"Diamant&eacute; embellished hoodie in black classic velour. Slim fit zip-through style with a hood, front pockets, and a statement crystal diamant&eacute; logo branding on the back. This hoodie is finished with a silver gothic J zip pull. Pair with the matching bottoms for a full iconic Juicy Couture tracksuit      Colours: Pink     Fit: SLIM FIT, RAGLAN SLEEVE, LONG SLEEVE, HOODED, ZIP FRONT Product Code: P-82867-38--",Zip Sweatshirts,84.99,DV8 Fashion,116329,General Clothing,626,https://images2.productserve.com/?w=200&h=200&bg=white&trim=5&t=letterbox&url=ssl%3Awww.dv8fashion.com%2FImages%2FModels%2FFull%2F34781.jpg&feedId=102766&k=3dbc33f4939021cd0590c14c17d49065b147db0c,GBP,,3.95,https://www.dv8fashion.com/en/Juicy-Couture-Velour-Diamant��-Hoodie---Juicy-Pink/m-34781.aspx?PartnerID=4730&utm_source=affiliate&utm_medium=affiliatewindow&utm_campaign=UnitedKingdom,,,GBP84.99,102766,Juicy Couture,1,,https://www.dv8fashion.com/Images/Models/Full/34781-1.jpg,https://www.dv8fashion.com/Images/Models/Full/34781-2.jpg,,https://www.dv8fashion.com/Images/Models/Full/34781-3.jpg,Womens,Jumpers & Knits
https://www.awin1.com/pclick.php?p=41590295115&a=2771700&m=116329,Juicy Couture Velour Diamant�� Hoodie - Juicy Pink - M,41590295115,249967AWUK,https://www.dv8fashion.com/Images/Models/Full/34781.jpg,"Diamant&eacute; embellished hoodie in black classic velour. Slim fit zip-through style with a hood, front pockets, and a statement crystal diamant&eacute; logo branding on the back. This hoodie is finished with a silver gothic J zip pull. Pair with the matching bottoms for a full iconic Juicy Couture tracksuit      Colours: Pink     Fit: SLIM FIT, RAGLAN SLEEVE, LONG SLEEVE, HOODED, ZIP FRONT Product Code: P-82867-38--",Zip Sweatshirts,84.99,DV8 Fashion,116329,General Clothing,626,https://images2.productserve.com/?w=200&h=200&bg=white&trim=5&t=letterbox&url=ssl%3Awww.dv8fashion.com%2FImages%2FModels%2FFull%2F34781.jpg&feedId=102766&k=3dbc33f4939021cd0590c14c17d49065b147db0c,GBP,,3.95,https://www.dv8fashion.com/en/Juicy-Couture-Velour-Diamant��-Hoodie---Juicy-Pink/m-34781.aspx?PartnerID=4730&utm_source=affiliate&utm_medium=affiliatewindow&utm_campaign=UnitedKingdom,,,GBP84.99,102766,Juicy Couture,1,,https://www.dv8fashion.com/Images/Models/Full/34781-1.jpg,https://www.dv8fashion.com/Images/Models/Full/34781-2.jpg,,https://www.dv8fashion.com/Images/Models/Full/34781-3.jpg,Womens,Jumpers & Knits
https://www.awin1.com/pclick.php?p=41590295114&a=2771700&m=116329,Juicy Couture Velour Diamant�� Hoodie - Juicy Pink - L,41590295114,249966AWUK,https://www.dv8fashion.com/Images/Models/Full/34781.jpg,"Diamant&eacute; embellished hoodie in black classic velour. Slim fit zip-through style with a hood, front pockets, and a statement crystal diamant&eacute; logo branding on the back. This hoodie is finished with a silver gothic J zip pull. Pair with the matching bottoms for a full iconic Juicy Couture tracksuit      Colours: Pink     Fit: SLIM FIT, RAGLAN SLEEVE, LONG SLEEVE, HOODED, ZIP FRONT Product Code: P-82867-38--",Zip Sweatshirts,84.99,DV8 Fashion,116329,General Clothing,626,https://images2.productserve.com/?w=200&h=200&bg=white&trim=5&t=letterbox&url=ssl%3Awww.dv8fashion.com%2FImages%2FModels%2FFull%2F34781.jpg&feedId=102766&k=3dbc33f4939021cd0590c14c17d49065b147db0c,GBP,,3.95,https://www.dv8fashion.com/en/Juicy-Couture-Velour-Diamant��-Hoodie---Juicy-Pink/m-34781.aspx?PartnerID=4730&utm_source=affiliate&utm_medium=affiliatewindow&utm_campaign=UnitedKingdom,,,GBP84.99,102766,Juicy Couture,1,,https://www.dv8fashion.com/Images/Models/Full/34781-1.jpg,https://www.dv8fashion.com/Images/Models/Full/34781-2.jpg,,https://www.dv8fashion.com/Images/Models/Full/34781-3.jpg,Womens,Jumpers & Knits
https://www.awin1.com/pclick.php?p=41590295117&a=2771700&m=116329,Juicy Couture Velour Diamant�� Hoodie - Juicy Pink - XL,41590295117,249969AWUK,https://www.dv8fashion.com/Images/Models/Full/34781.jpg,"Diamant&eacute; embellished hoodie in black classic velour. Slim fit zip-through style with a hood, front pockets, and a statement crystal diamant&eacute; logo branding on the back. This hoodie is finished with a silver gothic J zip pull. Pair with the matching bottoms for a full iconic Juicy Couture tracksuit      Colours: Pink     Fit: SLIM FIT, RAGLAN SLEEVE, LONG SLEEVE, HOODED, ZIP FRONT Product Code: P-82867-38--",Zip Sweatshirts,84.99,DV8 Fashion,116329,General Clothing,626,https://images2.productserve.com/?w=200&h=200&bg=white&trim=5&t=letterbox&url=ssl%3Awww.dv8fashion.com%2FImages%2FModels%2FFull%2F34781.jpg&feedId=102766&k=3dbc33f4939021cd0590c14c17d49065b147db0c,GBP,,3.95,https://www.dv8fashion.com/en/Juicy-Couture-Velour-Diamant��-Hoodie---Juicy-Pink/m-34781.aspx?PartnerID=4730&utm_source=affiliate&utm_medium=affiliatewindow&utm_campaign=UnitedKingdom,,,GBP84.99,102766,Juicy Couture,1,,https://www.dv8fashion.com/Images/Models/Full/34781-1.jpg,https://www.dv8fashion.com/Images/Models/Full/34781-2.jpg,,https://www.dv8fashion.com/Images/Models/Full/34781-3.jpg,Womens,Jumpers & Knits
https://www.awin1.com/pclick.php?p=41590295118&a=2771700&m=116329,Juicy Couture Velour Diamant�� Hoodie - Juicy Pink - XS,41590295118,249970AWUK,https://www.dv8fashion.com/Images/Models/Full/34781.jpg,"Diamant&eacute; embellished hoodie in black classic velour. Slim fit zip-through style with a hood, front pockets, and a statement crystal diamant&eacute; logo branding on the back. This hoodie is finished with a silver gothic J zip pull. Pair with the matching bottoms for a full iconic Juicy Couture tracksuit      Colours: Pink     Fit: SLIM FIT, RAGLAN SLEEVE, LONG SLEEVE, HOODED, ZIP FRONT Product Code: P-82867-38--",Zip Sweatshirts,84.99,DV8 Fashion,116329,General Clothing,626,https://images2.productserve.com/?w=200&h=200&bg=white&trim=5&t=letterbox&url=ssl%3Awww.dv8fashion.com%2FImages%2FModels%2FFull%2F34781.jpg&feedId=102766&k=3dbc33f4939021cd0590c14c17d49065b147db0c,GBP,,3.95,https://www.dv8fashion.com/en/Juicy-Couture-Velour-Diamant��-Hoodie---Juicy-Pink/m-34781.aspx?PartnerID=4730&utm_source=affiliate&utm_medium=affiliatewindow&utm_campaign=UnitedKingdom,,,GBP84.99,102766,Juicy Couture,1,,https://www.dv8fashion.com/Images/Models/Full/34781-1.jpg,https://www.dv8fashion.com/Images/Models/Full/34781-2.jpg,,https://www.dv8fashion.com/Images/Models/Full/34781-3.jpg,Womens,Jumpers & Knits
https://www.awin1.com/pclick.php?p=41590295178&a=2771700&m=116329,Juicy Couture Velour Diamant�� Jogger - Juicy Pink - L,41590295178,249989AWUK,https://www.dv8fashion.com/Images/Models/Full/34784.jpg,"Straight leg diamant&eacute; embellished tracksuit bottoms in black classic velour. Mid-rise fit, with adjustable drawstring waist and pin tucks through front leg. These bottoms feature zip pockets, statement diamant&eacute; branding on the back and silver branded hardware. Pair with the matching track top for a full iconic Juicy Couture tracksuit      Colours: Pink     Fit: SLIM FIT, STRAIGHT LEG, MID RISE Product Code: P-82866-38--",Open Hem Joggers,74.99,DV8 Fashion,116329,General Clothing,626,https://images2.productserve.com/?w=200&h=200&bg=white&trim=5&t=letterbox&url=ssl%3Awww.dv8fashion.com%2FImages%2FModels%2FFull%2F34784.jpg&feedId=102766&k=5ceb7b573ec1f0c2e82c6b84e50833421adcb6c4,GBP,,3.95,https://www.dv8fashion.com/en/Juicy-Couture-Velour-Diamant��-Jogger---Juicy-Pink/m-34784.aspx?PartnerID=4730&utm_source=affiliate&utm_medium=affiliatewindow&utm_campaign=UnitedKingdom,,,GBP74.99,102766,Juicy Couture,1,,https://www.dv8fashion.com/Images/Models/Full/34784-1.jpg,https://www.dv8fashion.com/Images/Models/Full/34784-2.jpg,,https://www.dv8fashion.com/Images/Models/Full/34784-3.jpg,Womens,Trousers & Legwear
https://www.awin1.com/pclick.php?p=43294396436&a=2771700&m=116329,Juicy Couture Velour Diamant�� Jogger - Juicy Pink - M,43294396436,249990AWUK,https://www.dv8fashion.com/Images/Models/Full/34784.jpg,"Straight leg diamant&eacute; embellished tracksuit bottoms in black classic velour. Mid-rise fit, with adjustable drawstring waist and pin tucks through front leg. These bottoms feature zip pockets, statement diamant&eacute; branding on the back and silver branded hardware. Pair with the matching track top for a full iconic Juicy Couture tracksuit      Colours: Pink     Fit: SLIM FIT, STRAIGHT LEG, MID RISE Product Code: P-82866-38--",Open Hem Joggers,74.99,DV8 Fashion,116329,General Clothing,626,https://images2.productserve.com/?w=200&h=200&bg=white&trim=5&t=letterbox&url=ssl%3Awww.dv8fashion.com%2FImages%2FModels%2FFull%2F34784.jpg&feedId=102766&k=5ceb7b573ec1f0c2e82c6b84e50833421adcb6c4,GBP,,3.95,https://www.dv8fashion.com/en/Juicy-Couture-Velour-Diamant��-Jogger---Juicy-Pink/m-34784.aspx?PartnerID=4730&utm_source=affiliate&utm_medium=affiliatewindow&utm_campaign=UnitedKingdom,,,GBP74.99,102766,Juicy Couture,1,,https://www.dv8fashion.com/Images/Models/Full/34784-1.jpg,https://www.dv8fashion.com/Images/Models/Full/34784-2.jpg,,https://www.dv8fashion.com/Images/Models/Full/34784-3.jpg,Womens,Trousers & Legwear
https://www.awin1.com/pclick.php?p=43294396437&a=2771700&m=116329,Juicy Couture Velour Diamant�� Jogger - Juicy Pink - S,43294396437,249991AWUK,https://www.dv8fashion.com/Images/Models/Full/34784.jpg,"Straight leg diamant&eacute; embellished tracksuit bottoms in black classic velour. Mid-rise fit, with adjustable drawstring waist and pin tucks through front leg. These bottoms feature zip pockets, statement diamant&eacute; branding on the back and silver branded hardware. Pair with the matching track top for a full iconic Juicy Couture tracksuit      Colours: Pink     Fit: SLIM FIT, STRAIGHT LEG, MID RISE Product Code: P-82866-38--",Open Hem Joggers,74.99,DV8 Fashion,116329,General Clothing,626,https://images2.productserve.com/?w=200&h=200&bg=white&trim=5&t=letterbox&url=ssl%3Awww.dv8fashion.com%2FImages%2FModels%2FFull%2F34784.jpg&feedId=102766&k=5ceb7b573ec1f0c2e82c6b84e50833421adcb6c4,GBP,,3.95,https://www.dv8fashion.com/en/Juicy-Couture-Velour-Diamant��-Jogger---Juicy-Pink/m-34784.aspx?PartnerID=4730&utm_source=affiliate&utm_medium=affiliatewindow&utm_campaign=UnitedKingdom,,,GBP74.99,102766,Juicy Couture,1,,https://www.dv8fashion.com/Images/Models/Full/34784-1.jpg,https://www.dv8fashion.com/Images/Models/Full/34784-2.jpg,,https://www.dv8fashion.com/Images/Models/Full/34784-3.jpg,Womens,Trousers & Legwear
https://www.awin1.com/pclick.php?p=43319246248&a=2771700&m=116329,Juicy Couture Diamant�� Velour Zip Hoodie - Nantucket Breeze - L,43319246248,264328AWUK,https://www.dv8fashion.com/Images/Models/Full/36103.jpg,"Diamant&eacute; embellished hoodie in nantucket breeze classic velour. Slim fit zip-through style with a hood, front pockets, and a statement crystal outline diamant&eacute; logo branding on the back. This hoodie is finished with a silver gothic J zip pull. Pair with the matching bottoms for a full iconic Juicy Couture tracksuit      Fit: Slim     Hooded     Standard     Long sleeve Product Code: P-85116-61--",Zip Sweatshirts,84.99,DV8 Fashion,116329,General Clothing,626,https://images2.productserve.com/?w=200&h=200&bg=white&trim=5&t=letterbox&url=ssl%3Awww.dv8fashion.com%2FImages%2FModels%2FFull%2F36103.jpg&feedId=102766&k=da8a56ec3a3452094f4c42918d8238fd7643fa16,GBP,,3.95,https://www.dv8fashion.com/en/Juicy-Couture-Diamant��-Velour-Zip-Hoodie---Nantucket-Breeze/m-36103.aspx?PartnerID=4730&utm_source=affiliate&utm_medium=affiliatewindow&utm_campaign=UnitedKingdom,,,GBP84.99,102766,Juicy Couture,1,,https://www.dv8fashion.com/Images/Models/Full/36103-1.jpg,https://www.dv8fashion.com/Images/Models/Full/36103-2.jpg,,https://www.dv8fashion.com/Images/Models/Full/36103-3.jpg,Womens,Jumpers & Knits
https://www.awin1.com/pclick.php?p=41590295181&a=2771700&m=116329,Juicy Couture Velour Diamant�� Jogger - Juicy Pink - XL,41590295181,249992AWUK,https://www.dv8fashion.com/Images/Models/Full/34784.jpg,"Straight leg diamant&eacute; embellished tracksuit bottoms in black classic velour. Mid-rise fit, with adjustable drawstring waist and pin tucks through front leg. These bottoms feature zip pockets, statement diamant&eacute; branding on the back and silver branded hardware. Pair with the matching track top for a full iconic Juicy Couture tracksuit      Colours: Pink     Fit: SLIM FIT, STRAIGHT LEG, MID RISE Product Code: P-82866-38--",Open Hem Joggers,74.99,DV8 Fashion,116329,General Clothing,626,https://images2.productserve.com/?w=200&h=200&bg=white&trim=5&t=letterbox&url=ssl%3Awww.dv8fashion.com%2FImages%2FModels%2FFull%2F34784.jpg&feedId=102766&k=5ceb7b573ec1f0c2e82c6b84e50833421adcb6c4,GBP,,3.95,https://www.dv8fashion.com/en/Juicy-Couture-Velour-Diamant��-Jogger---Juicy-Pink/m-34784.aspx?PartnerID=4730&utm_source=affiliate&utm_medium=affiliatewindow&utm_campaign=UnitedKingdom,,,GBP74.99,102766,Juicy Couture,1,,https://www.dv8fashion.com/Images/Models/Full/34784-1.jpg,https://www.dv8fashion.com/Images/Models/Full/34784-2.jpg,,https://www.dv8fashion.com/Images/Models/Full/34784-3.jpg,Womens,Trousers & Legwear
https://www.awin1.com/pclick.php?p=41590295182&a=2771700&m=116329,Juicy Couture Velour Diamant�� Jogger - Juicy Pink - XS,41590295182,249993AWUK,https://www.dv8fashion.com/Images/Models/Full/34784.jpg,"Straight leg diamant&eacute; embellished tracksuit bottoms in black classic velour. Mid-rise fit, with adjustable drawstring waist and pin tucks through front leg. These bottoms feature zip pockets, statement diamant&eacute; branding on the back and silver branded hardware. Pair with the matching track top for a full iconic Juicy Couture tracksuit      Colours: Pink     Fit: SLIM FIT, STRAIGHT LEG, MID RISE Product Code: P-82866-38--",Open Hem Joggers,74.99,DV8 Fashion,116329,General Clothing,626,https://images2.productserve.com/?w=200&h=200&bg=white&trim=5&t=letterbox&url=ssl%3Awww.dv8fashion.com%2FImages%2FModels%2FFull%2F34784.jpg&feedId=102766&k=5ceb7b573ec1f0c2e82c6b84e50833421adcb6c4,GBP,,3.95,https://www.dv8fashion.com/en/Juicy-Couture-Velour-Diamant��-Jogger---Juicy-Pink/m-34784.aspx?PartnerID=4730&utm_source=affiliate&utm_medium=affiliatewindow&utm_campaign=UnitedKingdom,,,GBP74.99,102766,Juicy Couture,1,,https://www.dv8fashion.com/Images/Models/Full/34784-1.jpg,https://www.dv8fashion.com/Images/Models/Full/34784-2.jpg,,https://www.dv8fashion.com/Images/Models/Full/34784-3.jpg,Womens,Trousers & Legwear
https://www.awin1.com/pclick.php?p=43319246250&a=2771700&m=116329,Juicy Couture Diamant�� Velour Zip Hoodie - Nantucket Breeze - S,43319246250,264330AWUK,https://www.dv8fashion.com/Images/Models/Full/36103.jpg,"Diamant&eacute; embellished hoodie in nantucket breeze classic velour. Slim fit zip-through style with a hood, front pockets, and a statement crystal outline diamant&eacute; logo branding on the back. This hoodie is finished with a silver gothic J zip pull. Pair with the matching bottoms for a full iconic Juicy Couture tracksuit      Fit: Slim     Hooded     Standard     Long sleeve Product Code: P-85116-61--",Zip Sweatshirts,84.99,DV8 Fashion,116329,General Clothing,626,https://images2.productserve.com/?w=200&h=200&bg=white&trim=5&t=letterbox&url=ssl%3Awww.dv8fashion.com%2FImages%2FModels%2FFull%2F36103.jpg&feedId=102766&k=da8a56ec3a3452094f4c42918d8238fd7643fa16,GBP,,3.95,https://www.dv8fashion.com/en/Juicy-Couture-Diamant��-Velour-Zip-Hoodie---Nantucket-Breeze/m-36103.aspx?PartnerID=4730&utm_source=affiliate&utm_medium=affiliatewindow&utm_campaign=UnitedKingdom,,,GBP84.99,102766,Juicy Couture,1,,https://www.dv8fashion.com/Images/Models/Full/36103-1.jpg,https://www.dv8fashion.com/Images/Models/Full/36103-2.jpg,,https://www.dv8fashion.com/Images/Models/Full/36103-3.jpg,Womens,Jumpers & Knits
https://www.awin1.com/pclick.php?p=43319246249&a=2771700&m=116329,Juicy Couture Diamant�� Velour Zip Hoodie - Nantucket Breeze - M,43319246249,264329AWUK,https://www.dv8fashion.com/Images/Models/Full/36103.jpg,"Diamant&eacute; embellished hoodie in nantucket breeze classic velour. Slim fit zip-through style with a hood, front pockets, and a statement crystal outline diamant&eacute; logo branding on the back. This hoodie is finished with a silver gothic J zip pull. Pair with the matching bottoms for a full iconic Juicy Couture tracksuit      Fit: Slim     Hooded     Standard     Long sleeve Product Code: P-85116-61--",Zip Sweatshirts,84.99,DV8 Fashion,116329,General Clothing,626,https://images2.productserve.com/?w=200&h=200&bg=white&trim=5&t=letterbox&url=ssl%3Awww.dv8fashion.com%2FImages%2FModels%2FFull%2F36103.jpg&feedId=102766&k=da8a56ec3a3452094f4c42918d8238fd7643fa16,GBP,,3.95,https://www.dv8fashion.com/en/Juicy-Couture-Diamant��-Velour-Zip-Hoodie---Nantucket-Breeze/m-36103.aspx?PartnerID=4730&utm_source=affiliate&utm_medium=affiliatewindow&utm_campaign=UnitedKingdom,,,GBP84.99,102766,Juicy Couture,1,,https://www.dv8fashion.com/Images/Models/Full/36103-1.jpg,https://www.dv8fashion.com/Images/Models/Full/36103-2.jpg,,https://www.dv8fashion.com/Images/Models/Full/36103-3.jpg,Womens,Jumpers & Knits
https://www.awin1.com/pclick.php?p=43319246251&a=2771700&m=116329,Juicy Couture Diamant�� Velour Zip Hoodie - Nantucket Breeze - XL,43319246251,264331AWUK,https://www.dv8fashion.com/Images/Models/Full/36103.jpg,"Diamant&eacute; embellished hoodie in nantucket breeze classic velour. Slim fit zip-through style with a hood, front pockets, and a statement crystal outline diamant&eacute; logo branding on the back. This hoodie is finished with a silver gothic J zip pull. Pair with the matching bottoms for a full iconic Juicy Couture tracksuit      Fit: Slim     Hooded     Standard     Long sleeve Product Code: P-85116-61--",Zip Sweatshirts,84.99,DV8 Fashion,116329,General Clothing,626,https://images2.productserve.com/?w=200&h=200&bg=white&trim=5&t=letterbox&url=ssl%3Awww.dv8fashion.com%2FImages%2FModels%2FFull%2F36103.jpg&feedId=102766&k=da8a56ec3a3452094f4c42918d8238fd7643fa16,GBP,,3.95,https://www.dv8fashion.com/en/Juicy-Couture-Diamant��-Velour-Zip-Hoodie---Nantucket-Breeze/m-36103.aspx?PartnerID=4730&utm_source=affiliate&utm_medium=affiliatewindow&utm_campaign=UnitedKingdom,,,GBP84.99,102766,Juicy Couture,1,,https://www.dv8fashion.com/Images/Models/Full/36103-1.jpg,https://www.dv8fashion.com/Images/Models/Full/36103-2.jpg,,https://www.dv8fashion.com/Images/Models/Full/36103-3.jpg,Womens,Jumpers & Knits
https://www.awin1.com/pclick.php?p=43319246252&a=2771700&m=116329,Juicy Couture Diamant�� Velour Zip Hoodie - Nantucket Breeze - XS,43319246252,264332AWUK,https://www.dv8fashion.com/Images/Models/Full/36103.jpg,"Diamant&eacute; embellished hoodie in nantucket breeze classic velour. Slim fit zip-through style with a hood, front pockets, and a statement crystal outline diamant&eacute; logo branding on the back. This hoodie is finished with a silver gothic J zip pull. Pair with the matching bottoms for a full iconic Juicy Couture tracksuit      Fit: Slim     Hooded     Standard     Long sleeve Product Code: P-85116-61--",Zip Sweatshirts,84.99,DV8 Fashion,116329,General Clothing,626,https://images2.productserve.com/?w=200&h=200&bg=white&trim=5&t=letterbox&url=ssl%3Awww.dv8fashion.com%2FImages%2FModels%2FFull%2F36103.jpg&feedId=102766&k=da8a56ec3a3452094f4c42918d8238fd7643fa16,GBP,,3.95,https://www.dv8fashion.com/en/Juicy-Couture-Diamant��-Velour-Zip-Hoodie---Nantucket-Breeze/m-36103.aspx?PartnerID=4730&utm_source=affiliate&utm_medium=affiliatewindow&utm_campaign=UnitedKingdom,,,GBP84.99,102766,Juicy Couture,1,,https://www.dv8fashion.com/Images/Models/Full/36103-1.jpg,https://www.dv8fashion.com/Images/Models/Full/36103-2.jpg,,https://www.dv8fashion.com/Images/Models/Full/36103-3.jpg,Womens,Jumpers & Knits
https://www.awin1.com/pclick.php?p=43319246254&a=2771700&m=116329,Juicy Couture Velour Diamant�� Tracksuit Bottom - Nantucket Breeze - M,43319246254,264340AWUK,https://www.dv8fashion.com/Images/Models/Full/36104.jpg,"Straight leg diamant&eacute; embellished tracksuit bottoms in nantucket breeze classic velour. Mid-rise fit, with adjustable drawstring waist and pin tucks through front leg. These bottoms feature zip pockets, statement outline diamant&eacute; branding on the back and silver branded hardware      Fit: Mid     Straight Product Code: P-85115-61--",Open Hem Joggers,74.99,DV8 Fashion,116329,General Clothing,626,https://images2.productserve.com/?w=200&h=200&bg=white&trim=5&t=letterbox&url=ssl%3Awww.dv8fashion.com%2FImages%2FModels%2FFull%2F36104.jpg&feedId=102766&k=4c97d35b03f7f864008c5ca01ad955be9fba4d52,GBP,,3.95,https://www.dv8fashion.com/en/Juicy-Couture-Velour-Diamant��-Tracksuit-Bottom---Nantucket-Breeze/m-36104.aspx?PartnerID=4730&utm_source=affiliate&utm_medium=affiliatewindow&utm_campaign=UnitedKingdom,,,GBP74.99,102766,Juicy Couture,1,,https://www.dv8fashion.com/Images/Models/Full/36104-1.jpg,https://www.dv8fashion.com/Images/Models/Full/36104-2.jpg,,https://www.dv8fashion.com/Images/Models/Full/36104-3.jpg,Womens,Trousers & Legwear
https://www.awin1.com/pclick.php?p=43319246253&a=2771700&m=116329,Juicy Couture Velour Diamant�� Tracksuit Bottom - Nantucket Breeze - L,43319246253,264339AWUK,https://www.dv8fashion.com/Images/Models/Full/36104.jpg,"Straight leg diamant&eacute; embellished tracksuit bottoms in nantucket breeze classic velour. Mid-rise fit, with adjustable drawstring waist and pin tucks through front leg. These bottoms feature zip pockets, statement outline diamant&eacute; branding on the back and silver branded hardware      Fit: Mid     Straight Product Code: P-85115-61--",Open Hem Joggers,74.99,DV8 Fashion,116329,General Clothing,626,https://images2.productserve.com/?w=200&h=200&bg=white&trim=5&t=letterbox&url=ssl%3Awww.dv8fashion.com%2FImages%2FModels%2FFull%2F36104.jpg&feedId=102766&k=4c97d35b03f7f864008c5ca01ad955be9fba4d52,GBP,,3.95,https://www.dv8fashion.com/en/Juicy-Couture-Velour-Diamant��-Tracksuit-Bottom---Nantucket-Breeze/m-36104.aspx?PartnerID=4730&utm_source=affiliate&utm_medium=affiliatewindow&utm_campaign=UnitedKingdom,,,GBP74.99,102766,Juicy Couture,1,,https://www.dv8fashion.com/Images/Models/Full/36104-1.jpg,https://www.dv8fashion.com/Images/Models/Full/36104-2.jpg,,https://www.dv8fashion.com/Images/Models/Full/36104-3.jpg,Womens,Trousers & Legwear
https://www.awin1.com/pclick.php?p=43319246255&a=2771700&m=116329,Juicy Couture Velour Diamant�� Tracksuit Bottom - Nantucket Breeze - S,43319246255,264341AWUK,https://www.dv8fashion.com/Images/Models/Full/36104.jpg,"Straight leg diamant&eacute; embellished tracksuit bottoms in nantucket breeze classic velour. Mid-rise fit, with adjustable drawstring waist and pin tucks through front leg. These bottoms feature zip pockets, statement outline diamant&eacute; branding on the back and silver branded hardware      Fit: Mid     Straight Product Code: P-85115-61--",Open Hem Joggers,74.99,DV8 Fashion,116329,General Clothing,626,https://images2.productserve.com/?w=200&h=200&bg=white&trim=5&t=letterbox&url=ssl%3Awww.dv8fashion.com%2FImages%2FModels%2FFull%2F36104.jpg&feedId=102766&k=4c97d35b03f7f864008c5ca01ad955be9fba4d52,GBP,,3.95,https://www.dv8fashion.com/en/Juicy-Couture-Velour-Diamant��-Tracksuit-Bottom---Nantucket-Breeze/m-36104.aspx?PartnerID=4730&utm_source=affiliate&utm_medium=affiliatewindow&utm_campaign=UnitedKingdom,,,GBP74.99,102766,Juicy Couture,1,,https://www.dv8fashion.com/Images/Models/Full/36104-1.jpg,https://www.dv8fashion.com/Images/Models/Full/36104-2.jpg,,https://www.dv8fashion.com/Images/Models/Full/36104-3.jpg,Womens,Trousers & Legwear
https://www.awin1.com/pclick.php?p=43319246256&a=2771700&m=116329,Juicy Couture Velour Diamant�� Tracksuit Bottom - Nantucket Breeze - XL,43319246256,264342AWUK,https://www.dv8fashion.com/Images/Models/Full/36104.jpg,"Straight leg diamant&eacute; embellished tracksuit bottoms in nantucket breeze classic velour. Mid-rise fit, with adjustable drawstring waist and pin tucks through front leg. These bottoms feature zip pockets, statement outline diamant&eacute; branding on the back and silver branded hardware      Fit: Mid     Straight Product Code: P-85115-61--",Open Hem Joggers,74.99,DV8 Fashion,116329,General Clothing,626,https://images2.productserve.com/?w=200&h=200&bg=white&trim=5&t=letterbox&url=ssl%3Awww.dv8fashion.com%2FImages%2FModels%2FFull%2F36104.jpg&feedId=102766&k=4c97d35b03f7f864008c5ca01ad955be9fba4d52,GBP,,3.95,https://www.dv8fashion.com/en/Juicy-Couture-Velour-Diamant��-Tracksuit-Bottom---Nantucket-Breeze/m-36104.aspx?PartnerID=4730&utm_source=affiliate&utm_medium=affiliatewindow&utm_campaign=UnitedKingdom,,,GBP74.99,102766,Juicy Couture,1,,https://www.dv8fashion.com/Images/Models/Full/36104-1.jpg,https://www.dv8fashion.com/Images/Models/Full/36104-2.jpg,,https://www.dv8fashion.com/Images/Models/Full/36104-3.jpg,Womens,Trousers & Legwear
https://www.awin1.com/pclick.php?p=43319246257&a=2771700&m=116329,Juicy Couture Velour Diamant�� Tracksuit Bottom - Nantucket Breeze - XS,43319246257,264343AWUK,https://www.dv8fashion.com/Images/Models/Full/36104.jpg,"Straight leg diamant&eacute; embellished tracksuit bottoms in nantucket breeze classic velour. Mid-rise fit, with adjustable drawstring waist and pin tucks through front leg. These bottoms feature zip pockets, statement outline diamant&eacute; branding on the back and silver branded hardware      Fit: Mid     Straight Product Code: P-85115-61--",Open Hem Joggers,74.99,DV8 Fashion,116329,General Clothing,626,https://images2.productserve.com/?w=200&h=200&bg=white&trim=5&t=letterbox&url=ssl%3Awww.dv8fashion.com%2FImages%2FModels%2FFull%2F36104.jpg&feedId=102766&k=4c97d35b03f7f864008c5ca01ad955be9fba4d52,GBP,,3.95,https://www.dv8fashion.com/en/Juicy-Couture-Velour-Diamant��-Tracksuit-Bottom---Nantucket-Breeze/m-36104.aspx?PartnerID=4730&utm_source=affiliate&utm_medium=affiliatewindow&utm_campaign=UnitedKingdom,,,GBP74.99,102766,Juicy Couture,1,,https://www.dv8fashion.com/Images/Models/Full/36104-1.jpg,https://www.dv8fashion.com/Images/Models/Full/36104-2.jpg,,https://www.dv8fashion.com/Images/Models/Full/36104-3.jpg,Womens,Trousers & Legwear
https://www.awin1.com/pclick.php?p=43812210677&a=2771700&m=116329,Only Malou Belted Trench - Medium Blue Denim - L,43812210677,268469AWUK,https://www.dv8fashion.com/Images/Models/Full/36473.jpg,Upgrade your wardrobe with outerwear for any season and occasion and top off any look      Product Type: Trenchcoat     Neck: Spread collar     Cuffs: Buttoned cuffs     Closing: Belt fastening     Pockets: Side pockets     Length/Size: Long     Lining: Mix of cotton and polyester lining for a soft feel and less crinkles     Extra details: Belt in waist Product Code: P-86068-61--,Jackets,59.99,DV8 Fashion,116329,General Clothing,626,https://images2.productserve.com/?w=200&h=200&bg=white&trim=5&t=letterbox&url=ssl%3Awww.dv8fashion.com%2FImages%2FModels%2FFull%2F36473.jpg&feedId=102766&k=55c147927fe433e0a1f0e79ee98d3053879a6b7f,GBP,,3.95,https://www.dv8fashion.com/en/Only-Malou-Belted-Trench---Medium-Blue-Denim/m-36473.aspx?PartnerID=4730&utm_source=affiliate&utm_medium=affiliatewindow&utm_campaign=UnitedKingdom,,,GBP59.99,102766,Only,1,,https://www.dv8fashion.com/Images/Models/Full/36473-1.jpg,https://www.dv8fashion.com/Images/Models/Full/36473-2.jpg,,https://www.dv8fashion.com/Images/Models/Full/36473-3.jpg,Womens,Coats & Jackets
https://www.awin1.com/pclick.php?p=43812210678&a=2771700&m=116329,Only Malou Belted Trench - Medium Blue Denim - M,43812210678,268470AWUK,https://www.dv8fashion.com/Images/Models/Full/36473.jpg,Upgrade your wardrobe with outerwear for any season and occasion and top off any look      Product Type: Trenchcoat     Neck: Spread collar     Cuffs: Buttoned cuffs     Closing: Belt fastening     Pockets: Side pockets     Length/Size: Long     Lining: Mix of cotton and polyester lining for a soft feel and less crinkles     Extra details: Belt in waist Product Code: P-86068-61--,Jackets,59.99,DV8 Fashion,116329,General Clothing,626,https://images2.productserve.com/?w=200&h=200&bg=white&trim=5&t=letterbox&url=ssl%3Awww.dv8fashion.com%2FImages%2FModels%2FFull%2F36473.jpg&feedId=102766&k=55c147927fe433e0a1f0e79ee98d3053879a6b7f,GBP,,3.95,https://www.dv8fashion.com/en/Only-Malou-Belted-Trench---Medium-Blue-Denim/m-36473.aspx?PartnerID=4730&utm_source=affiliate&utm_medium=affiliatewindow&utm_campaign=UnitedKingdom,,,GBP59.99,102766,Only,1,,https://www.dv8fashion.com/Images/Models/Full/36473-1.jpg,https://www.dv8fashion.com/Images/Models/Full/36473-2.jpg,,https://www.dv8fashion.com/Images/Models/Full/36473-3.jpg,Womens,Coats & Jackets
https://www.awin1.com/pclick.php?p=43812210679&a=2771700&m=116329,Only Malou Belted Trench - Medium Blue Denim - S,43812210679,268471AWUK,https://www.dv8fashion.com/Images/Models/Full/36473.jpg,Upgrade your wardrobe with outerwear for any season and occasion and top off any look      Product Type: Trenchcoat     Neck: Spread collar     Cuffs: Buttoned cuffs     Closing: Belt fastening     Pockets: Side pockets     Length/Size: Long     Lining: Mix of cotton and polyester lining for a soft feel and less crinkles     Extra details: Belt in waist Product Code: P-86068-61--,Jackets,59.99,DV8 Fashion,116329,General Clothing,626,https://images2.productserve.com/?w=200&h=200&bg=white&trim=5&t=letterbox&url=ssl%3Awww.dv8fashion.com%2FImages%2FModels%2FFull%2F36473.jpg&feedId=102766&k=55c147927fe433e0a1f0e79ee98d3053879a6b7f,GBP,,3.95,https://www.dv8fashion.com/en/Only-Malou-Belted-Trench---Medium-Blue-Denim/m-36473.aspx?PartnerID=4730&utm_source=affiliate&utm_medium=affiliatewindow&utm_campaign=UnitedKingdom,,,GBP59.99,102766,Only,1,,https://www.dv8fashion.com/Images/Models/Full/36473-1.jpg,https://www.dv8fashion.com/Images/Models/Full/36473-2.jpg,,https://www.dv8fashion.com/Images/Models/Full/36473-3.jpg,Womens,Coats & Jackets
https://www.awin1.com/pclick.php?p=43812210680&a=2771700&m=116329,Only Malou Belted Trench - Medium Blue Denim - XL,43812210680,268472AWUK,https://www.dv8fashion.com/Images/Models/Full/36473.jpg,Upgrade your wardrobe with outerwear for any season and occasion and top off any look      Product Type: Trenchcoat     Neck: Spread collar     Cuffs: Buttoned cuffs     Closing: Belt fastening     Pockets: Side pockets     Length/Size: Long     Lining: Mix of cotton and polyester lining for a soft feel and less crinkles     Extra details: Belt in waist Product Code: P-86068-61--,Jackets,59.99,DV8 Fashion,116329,General Clothing,626,https://images2.productserve.com/?w=200&h=200&bg=white&trim=5&t=letterbox&url=ssl%3Awww.dv8fashion.com%2FImages%2FModels%2FFull%2F36473.jpg&feedId=102766&k=55c147927fe433e0a1f0e79ee98d3053879a6b7f,GBP,,3.95,https://www.dv8fashion.com/en/Only-Malou-Belted-Trench---Medium-Blue-Denim/m-36473.aspx?PartnerID=4730&utm_source=affiliate&utm_medium=affiliatewindow&utm_campaign=UnitedKingdom,,,GBP59.99,102766,Only,1,,https://www.dv8fashion.com/Images/Models/Full/36473-1.jpg,https://www.dv8fashion.com/Images/Models/Full/36473-2.jpg,,https://www.dv8fashion.com/Images/Models/Full/36473-3.jpg,Womens,Coats & Jackets
https://www.awin1.com/pclick.php?p=43812210681&a=2771700&m=116329,Only Malou Belted Trench - Medium Blue Denim - XS,43812210681,268473AWUK,https://www.dv8fashion.com/Images/Models/Full/36473.jpg,Upgrade your wardrobe with outerwear for any season and occasion and top off any look      Product Type: Trenchcoat     Neck: Spread collar     Cuffs: Buttoned cuffs     Closing: Belt fastening     Pockets: Side pockets     Length/Size: Long     Lining: Mix of cotton and polyester lining for a soft feel and less crinkles     Extra details: Belt in waist Product Code: P-86068-61--,Jackets,59.99,DV8 Fashion,116329,General Clothing,626,https://images2.productserve.com/?w=200&h=200&bg=white&trim=5&t=letterbox&url=ssl%3Awww.dv8fashion.com%2FImages%2FModels%2FFull%2F36473.jpg&feedId=102766&k=55c147927fe433e0a1f0e79ee98d3053879a6b7f,GBP,,3.95,https://www.dv8fashion.com/en/Only-Malou-Belted-Trench---Medium-Blue-Denim/m-36473.aspx?PartnerID=4730&utm_source=affiliate&utm_medium=affiliatewindow&utm_campaign=UnitedKingdom,,,GBP59.99,102766,Only,1,,https://www.dv8fashion.com/Images/Models/Full/36473-1.jpg,https://www.dv8fashion.com/Images/Models/Full/36473-2.jpg,,https://www.dv8fashion.com/Images/Models/Full/36473-3.jpg,Womens,Coats & Jackets
https://www.awin1.com/pclick.php?p=41911446126&a=2771700&m=116329,Only Lorca Life Canvas Parka - Kalamata - L,41911446126,252195AWUK,https://www.dv8fashion.com/Images/Models/Full/34982.jpg,Product Type: Parka     Neck: Hood     Sleeve: Cap sleeves     Closing: Zip fastening     Pockets: Side pockets     Length/Size: Long     Padding: Padded with premium synthetic padding     Extra details: Drawstring at waist Product Code: P-83280-45--,Coats,54.99,DV8 Fashion,116329,General Clothing,626,https://images2.productserve.com/?w=200&h=200&bg=white&trim=5&t=letterbox&url=ssl%3Awww.dv8fashion.com%2FImages%2FModels%2FFull%2F34982.jpg&feedId=102766&k=90ab5bc24c86723d7aad8f996c08ee143610270e,GBP,,3.95,https://www.dv8fashion.com/en/Only-Lorca-Life-Canvas-Parka---Kalamata/m-34982.aspx?PartnerID=4730&utm_source=affiliate&utm_medium=affiliatewindow&utm_campaign=UnitedKingdom,,,GBP54.99,102766,Only,1,,https://www.dv8fashion.com/Images/Models/Full/34982-1.jpg,https://www.dv8fashion.com/Images/Models/Full/34982-2.jpg,,https://www.dv8fashion.com/Images/Models/Full/34982-3.jpg,Womens,Coats & Jackets
https://www.awin1.com/pclick.php?p=41911446127&a=2771700&m=116329,Only Lorca Life Canvas Parka - Kalamata - M,41911446127,252196AWUK,https://www.dv8fashion.com/Images/Models/Full/34982.jpg,Product Type: Parka     Neck: Hood     Sleeve: Cap sleeves     Closing: Zip fastening     Pockets: Side pockets     Length/Size: Long     Padding: Padded with premium synthetic padding     Extra details: Drawstring at waist Product Code: P-83280-45--,Coats,54.99,DV8 Fashion,116329,General Clothing,626,https://images2.productserve.com/?w=200&h=200&bg=white&trim=5&t=letterbox&url=ssl%3Awww.dv8fashion.com%2FImages%2FModels%2FFull%2F34982.jpg&feedId=102766&k=90ab5bc24c86723d7aad8f996c08ee143610270e,GBP,,3.95,https://www.dv8fashion.com/en/Only-Lorca-Life-Canvas-Parka---Kalamata/m-34982.aspx?PartnerID=4730&utm_source=affiliate&utm_medium=affiliatewindow&utm_campaign=UnitedKingdom,,,GBP54.99,102766,Only,1,,https://www.dv8fashion.com/Images/Models/Full/34982-1.jpg,https://www.dv8fashion.com/Images/Models/Full/34982-2.jpg,,https://www.dv8fashion.com/Images/Models/Full/34982-3.jpg,Womens,Coats & Jackets
https://www.awin1.com/pclick.php?p=41911446130&a=2771700&m=116329,Only Lorca Life Canvas Parka - Kalamata - XS,41911446130,252199AWUK,https://www.dv8fashion.com/Images/Models/Full/34982.jpg,Product Type: Parka     Neck: Hood     Sleeve: Cap sleeves     Closing: Zip fastening     Pockets: Side pockets     Length/Size: Long     Padding: Padded with premium synthetic padding     Extra details: Drawstring at waist Product Code: P-83280-45--,Coats,54.99,DV8 Fashion,116329,General Clothing,626,https://images2.productserve.com/?w=200&h=200&bg=white&trim=5&t=letterbox&url=ssl%3Awww.dv8fashion.com%2FImages%2FModels%2FFull%2F34982.jpg&feedId=102766&k=90ab5bc24c86723d7aad8f996c08ee143610270e,GBP,,3.95,https://www.dv8fashion.com/en/Only-Lorca-Life-Canvas-Parka---Kalamata/m-34982.aspx?PartnerID=4730&utm_source=affiliate&utm_medium=affiliatewindow&utm_campaign=UnitedKingdom,,,GBP54.99,102766,Only,1,,https://www.dv8fashion.com/Images/Models/Full/34982-1.jpg,https://www.dv8fashion.com/Images/Models/Full/34982-2.jpg,,https://www.dv8fashion.com/Images/Models/Full/34982-3.jpg,Womens,Coats & Jackets
https://www.awin1.com/pclick.php?p=41911446128&a=2771700&m=116329,Only Lorca Life Canvas Parka - Kalamata - S,41911446128,252197AWUK,https://www.dv8fashion.com/Images/Models/Full/34982.jpg,Product Type: Parka     Neck: Hood     Sleeve: Cap sleeves     Closing: Zip fastening     Pockets: Side pockets     Length/Size: Long     Padding: Padded with premium synthetic padding     Extra details: Drawstring at waist Product Code: P-83280-45--,Coats,54.99,DV8 Fashion,116329,General Clothing,626,https://images2.productserve.com/?w=200&h=200&bg=white&trim=5&t=letterbox&url=ssl%3Awww.dv8fashion.com%2FImages%2FModels%2FFull%2F34982.jpg&feedId=102766&k=90ab5bc24c86723d7aad8f996c08ee143610270e,GBP,,3.95,https://www.dv8fashion.com/en/Only-Lorca-Life-Canvas-Parka---Kalamata/m-34982.aspx?PartnerID=4730&utm_source=affiliate&utm_medium=affiliatewindow&utm_campaign=UnitedKingdom,,,GBP54.99,102766,Only,1,,https://www.dv8fashion.com/Images/Models/Full/34982-1.jpg,https://www.dv8fashion.com/Images/Models/Full/34982-2.jpg,,https://www.dv8fashion.com/Images/Models/Full/34982-3.jpg,Womens,Coats & Jackets
https://www.awin1.com/pclick.php?p=41911446129&a=2771700&m=116329,Only Lorca Life Canvas Parka - Kalamata - XL,41911446129,252198AWUK,https://www.dv8fashion.com/Images/Models/Full/34982.jpg,Product Type: Parka     Neck: Hood     Sleeve: Cap sleeves     Closing: Zip fastening     Pockets: Side pockets     Length/Size: Long     Padding: Padded with premium synthetic padding     Extra details: Drawstring at waist Product Code: P-83280-45--,Coats,54.99,DV8 Fashion,116329,General Clothing,626,https://images2.productserve.com/?w=200&h=200&bg=white&trim=5&t=letterbox&url=ssl%3Awww.dv8fashion.com%2FImages%2FModels%2FFull%2F34982.jpg&feedId=102766&k=90ab5bc24c86723d7aad8f996c08ee143610270e,GBP,,3.95,https://www.dv8fashion.com/en/Only-Lorca-Life-Canvas-Parka---Kalamata/m-34982.aspx?PartnerID=4730&utm_source=affiliate&utm_medium=affiliatewindow&utm_campaign=UnitedKingdom,,,GBP54.99,102766,Only,1,,https://www.dv8fashion.com/Images/Models/Full/34982-1.jpg,https://www.dv8fashion.com/Images/Models/Full/34982-2.jpg,,https://www.dv8fashion.com/Images/Models/Full/34982-3.jpg,Womens,Coats & Jackets
https://www.awin1.com/pclick.php?p=44217476153&a=2771700&m=116329,Only Kanzie Denim Jacket - Blue - L,44217476153,273874AWUK,https://www.dv8fashion.com/Images/Models/Full/36960.jpg,"Transform your entire look with a timeless denim jacket, perfect for warm summer nights or as an extra layer when the season changes.              Product Type : Denim jacket         Neck : Hood with string regulation         Sleeves : Dropped shoulders         Cuffs : Cuffs with elastic binding         Closing : Zip fastening         Pockets : Side pockets       Product Code: P-86714-61--",Jackets,54.99,DV8 Fashion,116329,General Clothing,626,https://images2.productserve.com/?w=200&h=200&bg=white&trim=5&t=letterbox&url=ssl%3Awww.dv8fashion.com%2FImages%2FModels%2FFull%2F36960.jpg&feedId=102766&k=3855e279c81d10f3523c775b63316d692d4e444f,GBP,,3.95,https://www.dv8fashion.com/en/Only-Kanzie-Denim-Jacket---Blue/m-36960.aspx?PartnerID=4730&utm_source=affiliate&utm_medium=affiliatewindow&utm_campaign=UnitedKingdom,,,GBP54.99,102766,Only,1,,https://www.dv8fashion.com/Images/Models/Full/36960-1.jpg,https://www.dv8fashion.com/Images/Models/Full/36960-2.jpg,,https://www.dv8fashion.com/Images/Models/Full/36960-3.jpg,Womens,Coats & Jackets
https://www.awin1.com/pclick.php?p=44217476156&a=2771700&m=116329,Only Kanzie Denim Jacket - Blue - XS,44217476156,273878AWUK,https://www.dv8fashion.com/Images/Models/Full/36960.jpg,"Transform your entire look with a timeless denim jacket, perfect for warm summer nights or as an extra layer when the season changes.              Product Type : Denim jacket         Neck : Hood with string regulation         Sleeves : Dropped shoulders         Cuffs : Cuffs with elastic binding         Closing : Zip fastening         Pockets : Side pockets       Product Code: P-86714-61--",Jackets,54.99,DV8 Fashion,116329,General Clothing,626,https://images2.productserve.com/?w=200&h=200&bg=white&trim=5&t=letterbox&url=ssl%3Awww.dv8fashion.com%2FImages%2FModels%2FFull%2F36960.jpg&feedId=102766&k=3855e279c81d10f3523c775b63316d692d4e444f,GBP,,3.95,https://www.dv8fashion.com/en/Only-Kanzie-Denim-Jacket---Blue/m-36960.aspx?PartnerID=4730&utm_source=affiliate&utm_medium=affiliatewindow&utm_campaign=UnitedKingdom,,,GBP54.99,102766,Only,1,,https://www.dv8fashion.com/Images/Models/Full/36960-1.jpg,https://www.dv8fashion.com/Images/Models/Full/36960-2.jpg,,https://www.dv8fashion.com/Images/Models/Full/36960-3.jpg,Womens,Coats & Jackets
https://www.awin1.com/pclick.php?p=44217476155&a=2771700&m=116329,Only Kanzie Denim Jacket - Blue - S,44217476155,273876AWUK,https://www.dv8fashion.com/Images/Models/Full/36960.jpg,"Transform your entire look with a timeless denim jacket, perfect for warm summer nights or as an extra layer when the season changes.              Product Type : Denim jacket         Neck : Hood with string regulation         Sleeves : Dropped shoulders         Cuffs : Cuffs with elastic binding         Closing : Zip fastening         Pockets : Side pockets       Product Code: P-86714-61--",Jackets,54.99,DV8 Fashion,116329,General Clothing,626,https://images2.productserve.com/?w=200&h=200&bg=white&trim=5&t=letterbox&url=ssl%3Awww.dv8fashion.com%2FImages%2FModels%2FFull%2F36960.jpg&feedId=102766&k=3855e279c81d10f3523c775b63316d692d4e444f,GBP,,3.95,https://www.dv8fashion.com/en/Only-Kanzie-Denim-Jacket---Blue/m-36960.aspx?PartnerID=4730&utm_source=affiliate&utm_medium=affiliatewindow&utm_campaign=UnitedKingdom,,,GBP54.99,102766,Only,1,,https://www.dv8fashion.com/Images/Models/Full/36960-1.jpg,https://www.dv8fashion.com/Images/Models/Full/36960-2.jpg,,https://www.dv8fashion.com/Images/Models/Full/36960-3.jpg,Womens,Coats & Jackets
https://www.awin1.com/pclick.php?p=44217476154&a=2771700&m=116329,Only Kanzie Denim Jacket - Blue - M,44217476154,273875AWUK,https://www.dv8fashion.com/Images/Models/Full/36960.jpg,"Transform your entire look with a timeless denim jacket, perfect for warm summer nights or as an extra layer when the season changes.              Product Type : Denim jacket         Neck : Hood with string regulation         Sleeves : Dropped shoulders         Cuffs : Cuffs with elastic binding         Closing : Zip fastening         Pockets : Side pockets       Product Code: P-86714-61--",Jackets,54.99,DV8 Fashion,116329,General Clothing,626,https://images2.productserve.com/?w=200&h=200&bg=white&trim=5&t=letterbox&url=ssl%3Awww.dv8fashion.com%2FImages%2FModels%2FFull%2F36960.jpg&feedId=102766&k=3855e279c81d10f3523c775b63316d692d4e444f,GBP,,3.95,https://www.dv8fashion.com/en/Only-Kanzie-Denim-Jacket---Blue/m-36960.aspx?PartnerID=4730&utm_source=affiliate&utm_medium=affiliatewindow&utm_campaign=UnitedKingdom,,,GBP54.99,102766,Only,1,,https://www.dv8fashion.com/Images/Models/Full/36960-1.jpg,https://www.dv8fashion.com/Images/Models/Full/36960-2.jpg,,https://www.dv8fashion.com/Images/Models/Full/36960-3.jpg,Womens,Coats & Jackets
https://www.awin1.com/pclick.php?p=43753060976&a=2771700&m=116329,Pieces Rikke Quilted Jacket - Silver Gray - L,43753060976,268082AWUK,https://www.dv8fashion.com/Images/Models/Full/36441.jpg,"Find casual items that are comfortable and relaxed and can be used all day long. Viscose is a smooth and soft fabric, that drapes similar to silk. The fabric is made of cellulose fibres       Product Type: Quilted jacket   Neck: Round Neck   Sleeve: Long sleeves   Closing: Button fastening   Pockets: Front pockets         Product Code: P-85992-13--",Jackets,54.99,DV8 Fashion,116329,General Clothing,626,https://images2.productserve.com/?w=200&h=200&bg=white&trim=5&t=letterbox&url=ssl%3Awww.dv8fashion.com%2FImages%2FModels%2FFull%2F36441.jpg&feedId=102766&k=95749bc3d120b7cd93e1126afb51b277698f01ea,GBP,,3.95,https://www.dv8fashion.com/en/Pieces-Rikke-Quilted-Jacket---Silver-Gray/m-36441.aspx?PartnerID=4730&utm_source=affiliate&utm_medium=affiliatewindow&utm_campaign=UnitedKingdom,,,GBP54.99,102766,Pieces,1,,https://www.dv8fashion.com/Images/Models/Full/36441-1.jpg,https://www.dv8fashion.com/Images/Models/Full/36441-2.jpg,,https://www.dv8fashion.com/Images/Models/Full/36441-3.jpg,Womens,Coats & Jackets
https://www.awin1.com/pclick.php?p=43753060978&a=2771700&m=116329,Pieces Rikke Quilted Jacket - Silver Gray - S,43753060978,268084AWUK,https://www.dv8fashion.com/Images/Models/Full/36441.jpg,"Find casual items that are comfortable and relaxed and can be used all day long. Viscose is a smooth and soft fabric, that drapes similar to silk. The fabric is made of cellulose fibres       Product Type: Quilted jacket   Neck: Round Neck   Sleeve: Long sleeves   Closing: Button fastening   Pockets: Front pockets         Product Code: P-85992-13--",Jackets,54.99,DV8 Fashion,116329,General Clothing,626,https://images2.productserve.com/?w=200&h=200&bg=white&trim=5&t=letterbox&url=ssl%3Awww.dv8fashion.com%2FImages%2FModels%2FFull%2F36441.jpg&feedId=102766&k=95749bc3d120b7cd93e1126afb51b277698f01ea,GBP,,3.95,https://www.dv8fashion.com/en/Pieces-Rikke-Quilted-Jacket---Silver-Gray/m-36441.aspx?PartnerID=4730&utm_source=affiliate&utm_medium=affiliatewindow&utm_campaign=UnitedKingdom,,,GBP54.99,102766,Pieces,1,,https://www.dv8fashion.com/Images/Models/Full/36441-1.jpg,https://www.dv8fashion.com/Images/Models/Full/36441-2.jpg,,https://www.dv8fashion.com/Images/Models/Full/36441-3.jpg,Womens,Coats & Jackets
https://www.awin1.com/pclick.php?p=43753060979&a=2771700&m=116329,Pieces Rikke Quilted Jacket - Silver Gray - XS,43753060979,268086AWUK,https://www.dv8fashion.com/Images/Models/Full/36441.jpg,"Find casual items that are comfortable and relaxed and can be used all day long. Viscose is a smooth and soft fabric, that drapes similar to silk. The fabric is made of cellulose fibres       Product Type: Quilted jacket   Neck: Round Neck   Sleeve: Long sleeves   Closing: Button fastening   Pockets: Front pockets         Product Code: P-85992-13--",Jackets,54.99,DV8 Fashion,116329,General Clothing,626,https://images2.productserve.com/?w=200&h=200&bg=white&trim=5&t=letterbox&url=ssl%3Awww.dv8fashion.com%2FImages%2FModels%2FFull%2F36441.jpg&feedId=102766&k=95749bc3d120b7cd93e1126afb51b277698f01ea,GBP,,3.95,https://www.dv8fashion.com/en/Pieces-Rikke-Quilted-Jacket---Silver-Gray/m-36441.aspx?PartnerID=4730&utm_source=affiliate&utm_medium=affiliatewindow&utm_campaign=UnitedKingdom,,,GBP54.99,102766,Pieces,1,,https://www.dv8fashion.com/Images/Models/Full/36441-1.jpg,https://www.dv8fashion.com/Images/Models/Full/36441-2.jpg,,https://www.dv8fashion.com/Images/Models/Full/36441-3.jpg,Womens,Coats & Jackets
https://www.awin1.com/pclick.php?p=43753060977&a=2771700&m=116329,Pieces Rikke Quilted Jacket - Silver Gray - M,43753060977,268083AWUK,https://www.dv8fashion.com/Images/Models/Full/36441.jpg,"Find casual items that are comfortable and relaxed and can be used all day long. Viscose is a smooth and soft fabric, that drapes similar to silk. The fabric is made of cellulose fibres       Product Type: Quilted jacket   Neck: Round Neck   Sleeve: Long sleeves   Closing: Button fastening   Pockets: Front pockets         Product Code: P-85992-13--",Jackets,54.99,DV8 Fashion,116329,General Clothing,626,https://images2.productserve.com/?w=200&h=200&bg=white&trim=5&t=letterbox&url=ssl%3Awww.dv8fashion.com%2FImages%2FModels%2FFull%2F36441.jpg&feedId=102766&k=95749bc3d120b7cd93e1126afb51b277698f01ea,GBP,,3.95,https://www.dv8fashion.com/en/Pieces-Rikke-Quilted-Jacket---Silver-Gray/m-36441.aspx?PartnerID=4730&utm_source=affiliate&utm_medium=affiliatewindow&utm_campaign=UnitedKingdom,,,GBP54.99,102766,Pieces,1,,https://www.dv8fashion.com/Images/Models/Full/36441-1.jpg,https://www.dv8fashion.com/Images/Models/Full/36441-2.jpg,,https://www.dv8fashion.com/Images/Models/Full/36441-3.jpg,Womens,Coats & Jackets
https://www.awin1.com/pclick.php?p=43682437823&a=2771700&m=116329,Jdy Donna Jacket - Incense - L,43682437823,267181AWUK,https://www.dv8fashion.com/Images/Models/Full/36360.jpg,"Get ready for spring with bright, fresh styles and enjoy the sunshine and the first blooms. Polyurethane is a synthetic material with a subtle shine and smooth surface. JDY is a full-concept, international fashion brand offering affordable and on-trend products to the fashion-conscious consumer      Product Type: Jacket     Neck: Spread collar     Sleeve: Long sleeves     Closing: Button fastening     Lining: Polyester lining for a comfortable feel     Attachment comp: Polyester Product Code: P-85921-34--",Jackets,54.99,DV8 Fashion,116329,General Clothing,626,https://images2.productserve.com/?w=200&h=200&bg=white&trim=5&t=letterbox&url=ssl%3Awww.dv8fashion.com%2FImages%2FModels%2FFull%2F36360.jpg&feedId=102766&k=04c232f59aa2ad92577e59f324f607db45b739c7,GBP,,3.95,https://www.dv8fashion.com/en/Jdy-Donna-Jacket---Incense/m-36360.aspx?PartnerID=4730&utm_source=affiliate&utm_medium=affiliatewindow&utm_campaign=UnitedKingdom,,,GBP54.99,102766,JDY,1,,https://www.dv8fashion.com/Images/Models/Full/36360-1.jpg,https://www.dv8fashion.com/Images/Models/Full/36360-2.jpg,,https://www.dv8fashion.com/Images/Models/Full/36360-3.jpg,Womens,Coats & Jackets
https://www.awin1.com/pclick.php?p=43682437825&a=2771700&m=116329,Jdy Donna Jacket - Incense - S,43682437825,267183AWUK,https://www.dv8fashion.com/Images/Models/Full/36360.jpg,"Get ready for spring with bright, fresh styles and enjoy the sunshine and the first blooms. Polyurethane is a synthetic material with a subtle shine and smooth surface. JDY is a full-concept, international fashion brand offering affordable and on-trend products to the fashion-conscious consumer      Product Type: Jacket     Neck: Spread collar     Sleeve: Long sleeves     Closing: Button fastening     Lining: Polyester lining for a comfortable feel     Attachment comp: Polyester Product Code: P-85921-34--",Jackets,54.99,DV8 Fashion,116329,General Clothing,626,https://images2.productserve.com/?w=200&h=200&bg=white&trim=5&t=letterbox&url=ssl%3Awww.dv8fashion.com%2FImages%2FModels%2FFull%2F36360.jpg&feedId=102766&k=04c232f59aa2ad92577e59f324f607db45b739c7,GBP,,3.95,https://www.dv8fashion.com/en/Jdy-Donna-Jacket---Incense/m-36360.aspx?PartnerID=4730&utm_source=affiliate&utm_medium=affiliatewindow&utm_campaign=UnitedKingdom,,,GBP54.99,102766,JDY,1,,https://www.dv8fashion.com/Images/Models/Full/36360-1.jpg,https://www.dv8fashion.com/Images/Models/Full/36360-2.jpg,,https://www.dv8fashion.com/Images/Models/Full/36360-3.jpg,Womens,Coats & Jackets
https://www.awin1.com/pclick.php?p=43682437827&a=2771700&m=116329,Jdy Donna Jacket - Incense - XS,43682437827,267185AWUK,https://www.dv8fashion.com/Images/Models/Full/36360.jpg,"Get ready for spring with bright, fresh styles and enjoy the sunshine and the first blooms. Polyurethane is a synthetic material with a subtle shine and smooth surface. JDY is a full-concept, international fashion brand offering affordable and on-trend products to the fashion-conscious consumer      Product Type: Jacket     Neck: Spread collar     Sleeve: Long sleeves     Closing: Button fastening     Lining: Polyester lining for a comfortable feel     Attachment comp: Polyester Product Code: P-85921-34--",Jackets,54.99,DV8 Fashion,116329,General Clothing,626,https://images2.productserve.com/?w=200&h=200&bg=white&trim=5&t=letterbox&url=ssl%3Awww.dv8fashion.com%2FImages%2FModels%2FFull%2F36360.jpg&feedId=102766&k=04c232f59aa2ad92577e59f324f607db45b739c7,GBP,,3.95,https://www.dv8fashion.com/en/Jdy-Donna-Jacket---Incense/m-36360.aspx?PartnerID=4730&utm_source=affiliate&utm_medium=affiliatewindow&utm_campaign=UnitedKingdom,,,GBP54.99,102766,JDY,1,,https://www.dv8fashion.com/Images/Models/Full/36360-1.jpg,https://www.dv8fashion.com/Images/Models/Full/36360-2.jpg,,https://www.dv8fashion.com/Images/Models/Full/36360-3.jpg,Womens,Coats & Jackets
https://www.awin1.com/pclick.php?p=43682437826&a=2771700&m=116329,Jdy Donna Jacket - Incense - XL,43682437826,267184AWUK,https://www.dv8fashion.com/Images/Models/Full/36360.jpg,"Get ready for spring with bright, fresh styles and enjoy the sunshine and the first blooms. Polyurethane is a synthetic material with a subtle shine and smooth surface. JDY is a full-concept, international fashion brand offering affordable and on-trend products to the fashion-conscious consumer      Product Type: Jacket     Neck: Spread collar     Sleeve: Long sleeves     Closing: Button fastening     Lining: Polyester lining for a comfortable feel     Attachment comp: Polyester Product Code: P-85921-34--",Jackets,54.99,DV8 Fashion,116329,General Clothing,626,https://images2.productserve.com/?w=200&h=200&bg=white&trim=5&t=letterbox&url=ssl%3Awww.dv8fashion.com%2FImages%2FModels%2FFull%2F36360.jpg&feedId=102766&k=04c232f59aa2ad92577e59f324f607db45b739c7,GBP,,3.95,https://www.dv8fashion.com/en/Jdy-Donna-Jacket---Incense/m-36360.aspx?PartnerID=4730&utm_source=affiliate&utm_medium=affiliatewindow&utm_campaign=UnitedKingdom,,,GBP54.99,102766,JDY,1,,https://www.dv8fashion.com/Images/Models/Full/36360-1.jpg,https://www.dv8fashion.com/Images/Models/Full/36360-2.jpg,,https://www.dv8fashion.com/Images/Models/Full/36360-3.jpg,Womens,Coats & Jackets
https://www.awin1.com/pclick.php?p=43682437824&a=2771700&m=116329,Jdy Donna Jacket - Incense - M,43682437824,267182AWUK,https://www.dv8fashion.com/Images/Models/Full/36360.jpg,"Get ready for spring with bright, fresh styles and enjoy the sunshine and the first blooms. Polyurethane is a synthetic material with a subtle shine and smooth surface. JDY is a full-concept, international fashion brand offering affordable and on-trend products to the fashion-conscious consumer      Product Type: Jacket     Neck: Spread collar     Sleeve: Long sleeves     Closing: Button fastening     Lining: Polyester lining for a comfortable feel     Attachment comp: Polyester Product Code: P-85921-34--",Jackets,54.99,DV8 Fashion,116329,General Clothing,626,https://images2.productserve.com/?w=200&h=200&bg=white&trim=5&t=letterbox&url=ssl%3Awww.dv8fashion.com%2FImages%2FModels%2FFull%2F36360.jpg&feedId=102766&k=04c232f59aa2ad92577e59f324f607db45b739c7,GBP,,3.95,https://www.dv8fashion.com/en/Jdy-Donna-Jacket---Incense/m-36360.aspx?PartnerID=4730&utm_source=affiliate&utm_medium=affiliatewindow&utm_campaign=UnitedKingdom,,,GBP54.99,102766,JDY,1,,https://www.dv8fashion.com/Images/Models/Full/36360-1.jpg,https://www.dv8fashion.com/Images/Models/Full/36360-2.jpg,,https://www.dv8fashion.com/Images/Models/Full/36360-3.jpg,Womens,Coats & Jackets